Año;Mes;Organismo;Evento;Entradas;Clasificación
2018;Enero;Cineteca;Amazona;10;Cultura General
2018;Enero;Cineteca;CICLO DOCMA: El Becerro Pintado + Oírse;9;Documental
2018;Enero;Cineteca;CICLO LA CÁMARA COMO ESCRITURA. PRIMO LEJANO;5;Cine y Audiovisual
2018;Enero;Cineteca;DOCSBARCELONA DEL MES. Machines;10;Documental
2018;Enero;Cineteca;El Séptimo De Cineteca. Muziko;2;Cine y Audiovisual
2018;Enero;Cineteca;El Viaje De Khadija;13;Cine y Audiovisual
2018;Enero;Cineteca;ESTRENOS DE CINETECA. Kedi (Gatos De Estambul);14;Cine y Audiovisual
2018;Enero;Cineteca;FESTIVAL CINE CANADIENSE DE MADRID: Les Mauvaises Herbes;14;Cine y Audiovisual
2018;Enero;Cineteca;FESTIVAL CINE CANADIENSE DE MADRID:Et Au Pire, on Se Mariera;15;Cine y Audiovisual
2018;Enero;Cineteca;La Soledad;14;Cultura General
2018;Enero;Cineteca;MUESTRA DOC COLOMBIANA: Un Tigre De Papel;4;Documental
2018;Enero;Cineteca;PREMIOS DÍAS DE CINE: ¡lumiere! COMIENZA LA AVENTURA;2;Documental
2018;Enero;Cineteca;PREMIOS DÍAS DE CINE: I AM not YOUR NEGRO;3;Documental
2018;Enero;Cineteca;Recomendado Por... Emelina;9;Cultura General
2018;Enero;Cineteca;Recomendado Por... Stranger in Paradise;5;Cultura General
2018;Enero;Cineteca;Retrospectiva Del Grupo De Cali: Pura Sangre;3;Cine y Audiovisual
2018;Enero;Cineteca;Retrospectiva Del Grupo De Cali: Sesión De Cortos I;3;Cine y Audiovisual
2018;Enero;Cineteca;Retrospectiva Del Grupo De Cali: Sesión De Cortos III;1;Cine y Audiovisual
2018;Enero;Cineteca;Retrospectiva Del Grupo De Cali: Soplo De Vida;2;Cine y Audiovisual
2018;Enero;Conde Duque;Sin Beneficiarios;0;Cultura General
2018;Enero;Fernán Gómez;Crimen y Telón;240;Teatro y Escénicas
2018;Enero;Fernán Gómez;El Círculo De Hierro (Gustavo Adolfo Bécquer);24;Literatura y Poesía
2018;Enero;Fernán Gómez;Envidia De La Luz;83;Cultura General
2018;Enero;Fernán Gómez;SOLITUDES De KULUNKA TEATRO;27;Teatro y Escénicas
2018;Enero;Fernán Gómez;Vd. Tiene Ojos De Mujer Fatal..en La Radio;107;Teatro y Escénicas
2018;Enero;Naves Matadero;Deadtown - The Forman Brother's Wild West Show;37;Teatro y Escénicas
2018;Enero;Teatro Circo Price;ARKANO vs DTOKE - Final Round;114;Música y Conciertos
2018;Enero;Teatro Circo Price;Circo Price en Navidad: Los Viajes De Marco y Pili;42;Infantil / Familiar
2018;Enero;Teatro Español;El Ángel Exterminador;1;Música y Conciertos
2018;Enero;Teatro Español;The Black Apple y Los Párpados Sellados;1;Teatro y Escénicas
2018;Enero;Teatro Español;El Ángel Exterminador;283;Literatura y Poesía
2018;Enero;Teatro Español;Samabá Samabé;32;Cultura General
2018;Enero;Teatro Español;The Black Apple y Los Párpados Sellados;136;Literatura y Poesía
2018;Febrero;Cineteca;CICLO DOCMA: El Milagro De San Lázaro;2;Documental
2018;Febrero;Cineteca;Did you Wonder Who Fired the Gun?;15;Cine y Audiovisual
2018;Febrero;Cineteca;DOCSBARCELONA DEL MES. La Hora De Los Deberes;6;Documental
2018;Febrero;Cineteca;El Mar Nos Mira De Lejos;11;Cine y Audiovisual
2018;Febrero;Cineteca;El Patio De Mi Casa;5;Teatro y Escénicas
2018;Febrero;Cineteca;Ghost Hunting;7;Documental
2018;Febrero;Cineteca;Gigantes Descalzos;7;Infantil / Familiar
2018;Febrero;Cineteca;Las Cinéphilas;26;Cine y Audiovisual
2018;Febrero;Cineteca;Los Objetos Amorosos;28;Cine y Audiovisual
2018;Febrero;Cineteca;Mi Querida España;9;Cine y Audiovisual
2018;Febrero;Cineteca;Si Corre o Vuela ... a La Cazuela;6;Teatro y Escénicas
2018;Febrero;Cineteca;Suitcase of Love and Shame;5;Documental
2018;Febrero;Conde Duque;Sin Beneficiarios;0;Cultura General
2018;Febrero;Fernán Gómez;Las Tres Hermanas;299;Teatro y Escénicas
2018;Febrero;Fernán Gómez;Otro Juicio a D. Juan. Los Martes, Milagro;33;Teatro y Escénicas
2018;Febrero;Fernán Gómez;SOLITUDES De KULUNKA TEATRO;432;Teatro y Escénicas
2018;Febrero;Naves Matadero;En Un Tiempo Oscuro - Cia. Daniel Teba;158;Teatro y Escénicas
2018;Febrero;Naves Matadero;Mystery Magnet - Miet Warlop;71;Teatro y Escénicas
2018;Febrero;Teatro Circo Price;35 Aniversario Presente Femenino;35;Cultura General
2018;Febrero;Teatro Circo Price;Magia De Cerca;76;Infantil / Familiar
2018;Febrero;Teatro Circo Price;VIII Festival Internacional De Magia;567;Infantil / Familiar
2018;Febrero;Teatro Español;El Ángel Exterminador;433;Literatura y Poesía
2018;Febrero;Teatro Español;Juguetes Rotos;281;Teatro y Escénicas
2018;Marzo;Cineteca;4;17;Cultura General
2018;Marzo;Cineteca;Al Otro Lado Del Muro;20;Cine y Audiovisual
2018;Marzo;Cineteca;Cause of Death: Unknown;20;Documental
2018;Marzo;Cineteca;Ciclo Eugenio Polgovski: Los Herederos;4;Documental
2018;Marzo;Cineteca;Ciclo Eugenio Polgovski: Resurrección;5;Documental
2018;Marzo;Cineteca;Ciclo Eugenio Polgovski: Trópico De Cáncer;6;Documental
2018;Marzo;Cineteca;El Viaje De Khadija;45;Cine y Audiovisual
2018;Marzo;Cineteca;FOOD COOP;31;Documental
2018;Marzo;Cineteca;Golden Dawn Girls;19;Documental
2018;Marzo;Cineteca;HACIA LA HUELGA FEMINISTA: 5000 Feminismos + Vogliamo Anche;8;Documental
2018;Marzo;Cineteca;HACIA LA HUELGA FEMINISTA: El Deseo De La Civiliz + the Phan;18;Documental
2018;Marzo;Cineteca;HACIA LA HUELGA FEMINISTA: Working Women + Riddles of the Sp;8;Documental
2018;Marzo;Cineteca;Jardines De Plomo;4;Cine y Audiovisual
2018;Marzo;Cineteca;Los Objetos Amorosos;9;Cine y Audiovisual
2018;Marzo;Cineteca;Maman Colonelle;13;Documental
2018;Marzo;Cineteca;Thank you for the Rain;19;Documental
2018;Marzo;Cineteca;Un Padre;7;Teatro y Escénicas
2018;Marzo;Conde Duque;EC en TIERRA (GROUNDED);59;Teatro y Escénicas
2018;Marzo;Conde Duque;EC Flor(Es) CUALQUIER LUGAR, CUALQUIER MUJER;63;Teatro y Escénicas
2018;Marzo;Conde Duque;EC Flying Pigs;63;Teatro y Escénicas
2018;Marzo;Conde Duque;EC Óyeme Con Los Ojos;28;Teatro y Escénicas
2018;Marzo;Conde Duque;EC Pour;59;Teatro y Escénicas
2018;Marzo;Conde Duque;EC Una Guarida Con Luz;57;Teatro y Escénicas
2018;Marzo;Fernán Gómez;¡oh Cuba!;817;Cine y Audiovisual
2018;Marzo;Fernán Gómez;La Casa Del Lago;468;Cine y Audiovisual
2018;Marzo;Naves Matadero;Despertar Da Primavera, Uma Tragédia De Juventude;68;Teatro y Escénicas
2018;Marzo;Naves Matadero;En Un Tiempo Oscuro - Cia. Daniel Teba;36;Teatro y Escénicas
2018;Marzo;Naves Matadero;Estoy Pensando en Tortugas;98;Teatro y Escénicas
2018;Marzo;Naves Matadero;The End- Vocaloid Opera;69;Música y Conciertos
2018;Marzo;Teatro Circo Price;VIII Festival Internacional De Magia;490;Infantil / Familiar
2018;Marzo;Teatro Español;Cronología De Las Bestias;1131;Cine y Audiovisual
2018;Marzo;Teatro Español;El Lugar Donde Rezan Las Putas;349;Cine y Audiovisual
2018;Marzo;Teatro Español;Juguetes Rotos;61;Teatro y Escénicas
2018;Abril;Cineteca;6 Cortos Sobre Las Decisiones Que Cambiaron Mi Vida;28;Cine y Audiovisual
2018;Abril;Cineteca;Ciclo Resistentes: La Memoria Rebelde;30;Documental
2018;Abril;Cineteca;Ciclo Resistentes: Lucio;24;Documental
2018;Abril;Cineteca;Ciclo Resistentes: Vivir De Pie. Las Guerras De Cipriano Mera;10;Documental
2018;Abril;Cineteca;Donkeyote;35;Documental
2018;Abril;Cineteca;Golden Dawn Girls;41;Documental
2018;Abril;Cineteca;I'm not a Witch (Presentación De La XV Edición Del FCAT);2;Cine y Audiovisual
2018;Abril;Cineteca;JAAR. El Lamento De Las Imágenes;33;Cine y Audiovisual
2018;Abril;Cineteca;Jericó, El Infinito Vuelo De Los Días;39;Documental
2018;Abril;Cineteca;La Isla De Los Monjes;19;Cine y Audiovisual
2018;Abril;Cineteca;Las Calles;20;Cine y Audiovisual
2018;Abril;Cineteca;Los Demás Días;29;Cine y Audiovisual
2018;Abril;Cineteca;Los Niños;13;Documental
2018;Abril;Cineteca;Samba: Un Nombre Borrado;23;Cine y Audiovisual
2018;Abril;Cineteca;Sinfonía De Verano: Retrato De Una Ciudad;36;Cine y Audiovisual
2018;Abril;Conde Duque;Allez, Allez...!;28;Cine y Audiovisual
2018;Abril;Conde Duque;El Notario;61;Cine y Audiovisual
2018;Abril;Fernán Gómez;Amanda T;364;Cine y Audiovisual
2018;Abril;Fernán Gómez;Concierto a Tempo D´Umore;521;Música y Conciertos
2018;Abril;Fernán Gómez;"MP. Aleks Syntek ""Tour Trasatlántico """;54;Música y Conciertos
2018;Abril;Fernán Gómez;"MP. AntÍlopez: ""Desprendimiento De Rutina""";137;Música y Conciertos
2018;Abril;Fernán Gómez;"MP. Jaime Urrutia. ""J. Urrutia en Concierto""";47;Música y Conciertos
2018;Abril;Fernán Gómez;"MP. La Bien Querida: ""La Bien Querida en Acústico"".";137;Música y Conciertos
2018;Abril;Fernán Gómez;"MP. Malevaje: ""30 Años De Tango""";53;Música y Conciertos
2018;Abril;Fernán Gómez;"MP. Materia Prima y Juan Carmona. ""Materia Flamenca""";102;Música y Conciertos
2018;Abril;Fernán Gómez;Voces en El Silencio. Los Martes, Milagro.;66;Teatro y Escénicas
2018;Abril;Naves Matadero;Eclipse Mundo - Paz Rojo;125;Teatro y Escénicas
2018;Abril;Naves Matadero;El Tiempo Entre Nosotros - Relatos;45;Teatro y Escénicas
2018;Abril;Naves Matadero;Grand Applause - Jorge Dutor y Guillem Mont De Palol;68;Teatro y Escénicas
2018;Abril;Naves Matadero;Número Cero (Nº0);48;Teatro y Escénicas
2018;Abril;Naves Matadero;The Marriage of Heaven and Hell;272;Cultura General
2018;Abril;Teatro Circo Price;Extension;449;Teatro y Escénicas
2018;Abril;Teatro Circo Price;Halka;253;Teatro y Escénicas
2018;Abril;Teatro Español;Ahora Todo Es Noche;855;Cine y Audiovisual
2018;Abril;Teatro Español;Cronología De Las Bestias;381;Cine y Audiovisual
2018;Abril;Teatro Español;El Lugar Donde Rezan Las Putas;120;Cine y Audiovisual
2018;Abril;Teatro Español;Encendidas;78;Teatro y Escénicas
2018;Abril;Teatro Español;Fiesta, Fiesta, Fiesta;69;Teatro y Escénicas
2018;Abril;Teatro Español;La Fureur De Ce Que Je Pense;108;Literatura y Poesía
2018;Abril;Teatro Español;Claudia Cedó vs. Félix Estaire;20;Teatro y Escénicas
2018;Mayo;Cineteca;DOCM18. CORT. FUGAS 2: Zakhm. Silica. Sehrlangan.Wood&Waters;7;Documental
2018;Mayo;Cineteca;DOCM18. CORT. FUGAS1: Tesla. Amplifier. Los Perros De A. Wit;16;Documental
2018;Mayo;Cineteca;DOCM18. CORT. INT. 1: Las Nubes. Moriviví. Ard Al M. De La;4;Documental
2018;Mayo;Cineteca;DOCM18. CORT. NAC 2.: Horta. Galateé. a Mythology of P. El E;10;Documental
2018;Mayo;Cineteca;DOCM18. CORT. NAC 3.: Mikele. en Lugar De Nada;13;Documental
2018;Mayo;Cineteca;DOCM18. DESDE LO FEMENINO: Baronesa;5;Documental
2018;Mayo;Cineteca;DOCM18. DESDE LO FEMENINO: Kenet Nam ' Al Sateh;4;Documental
2018;Mayo;Cineteca;DOCM18. INVIT.  ESP: JOÃO MOREIRA SALLES. No Intenso Agora;5;Documental
2018;Mayo;Cineteca;DOCM18. LARG. FUGAS: Al Di Lá Dell' Uno;12;Documental
2018;Mayo;Cineteca;DOCM18. LARG. FUGAS: Becoming Animal;17;Documental
2018;Mayo;Cineteca;DOCM18. LARG. FUGAS: Buddha.Mov;6;Documental
2018;Mayo;Cineteca;DOCM18. LARG. FUGAS: Caniba;11;Documental
2018;Mayo;Cineteca;DOCM18. LARG. FUGAS: Fán Dóng;9;Documental
2018;Mayo;Cineteca;DOCM18. LARG. FUGAS: Good Luck;9;Documental
2018;Mayo;Cineteca;DOCM18. LARG. FUGAS: Interior;4;Documental
2018;Mayo;Cineteca;DOCM18. LARG. FUGAS: Playing Men;6;Documental
2018;Mayo;Cineteca;DOCM18. LARG. FUGAS: The Green Fog;3;Documental
2018;Mayo;Cineteca;DOCM18. LARG. INT.: Amanecer;13;Documental
2018;Mayo;Cineteca;DOCM18. LARG. INT.: Bixa Travesty;26;Documental
2018;Mayo;Cineteca;DOCM18. LARG. INT.: Blue Orchids;9;Documental
2018;Mayo;Cineteca;DOCM18. LARG. INT.: Cartucho;11;Documental
2018;Mayo;Cineteca;DOCM18. LARG. INT.: O Processo;16;Documental
2018;Mayo;Cineteca;DOCM18. LARG. INT.: Of Fathers and Sons;25;Documental
2018;Mayo;Cineteca;DOCM18. LARG. INT.: Purge This Land;12;Documental
2018;Mayo;Cineteca;DOCM18. LARG. INT.: Room for a Man;5;Documental
2018;Mayo;Cineteca;DOCM18. LARG. INT.: The Lonely Battle of Thomas Reid;6;Documental
2018;Mayo;Cineteca;DOCM18. LARG. NAC.: Ainhoa: Yo No Soy Esa;15;Documental
2018;Mayo;Cineteca;DOCM18. LARG. NAC.: El Señor Liberto y Los Pequeños Placeres;4;Documental
2018;Mayo;Cineteca;DOCM18. LARG. NAC.: Escoréu, 24 D'Avientu De 1937;7;Documental
2018;Mayo;Cineteca;DOCM18. LARG. NAC.: Everyone in Hawaii Has a Sixpack Already;13;Documental
2018;Mayo;Cineteca;DOCM18. LARG. NAC.: Impulso;5;Documental
2018;Mayo;Cineteca;DOCM18. LARG. NAC.: La Grieta;9;Documental
2018;Mayo;Cineteca;DOCM18. LARG. NAC.: Mes Voisins, Chronique D'Une Élection;27;Documental
2018;Mayo;Cineteca;DOCM18. LARG. NAC.: Rêve De Mousse;15;Documental
2018;Mayo;Cineteca;DOCM18. LARG. NAC.: Tódalas Mulleres Que Coñezo;10;Documental
2018;Mayo;Cineteca;DOCM18. NATURA en VILO. Resurrección;2;Documental
2018;Mayo;Cineteca;DOCM18. PEDAGOGÍAS DE LA CREACIÓN. Cien Niños Esperando Un T;5;Documental
2018;Mayo;Cineteca;DOCM18. SESIÓN ESPECIAL.  Antígona;20;Documental
2018;Mayo;Cineteca;DOCM18.CORT. INT. 2: Todo Sigue T. Alle De T. Saule M. Ligne;3;Documental
2018;Mayo;Cineteca;HOLLYWOOD RUEDA en ESPAÑA – 1955-1980;5;Cine y Audiovisual
2018;Mayo;Cineteca;KUSAMA – INFINITY (PRESENTACIÓN ESPECIAL RIZOMA);13;Cine y Audiovisual
2018;Mayo;Cineteca;Los Demas Días;26;Cine y Audiovisual
2018;Mayo;Cineteca;MADRID SURF FILM FESTIVAL 2018: SESIÓN I;13;Cine y Audiovisual
2018;Mayo;Cineteca;MADRID SURF FILM FESTIVAL 2018: SESIÓN II;5;Cine y Audiovisual
2018;Mayo;Cineteca;MADRID SURF FILM FESTIVAL 2018: SESIÓN III: THE ENDLESS ...;4;Cine y Audiovisual
2018;Mayo;Cineteca;MADRID SURF FILM FESTIVAL 2018: SESIÓN IV: PRO SURFERS....;4;Cine y Audiovisual
2018;Mayo;Cineteca;MADRID SURF FILM FESTIVAL 2018: SESIÓN IX;4;Cine y Audiovisual
2018;Mayo;Cineteca;MADRID SURF FILM FESTIVAL 2018: SESIÓN V: FROM LOST TO...;7;Cine y Audiovisual
2018;Mayo;Cineteca;MADRID SURF FILM FESTIVAL 2018: SESIÓN VI;5;Cine y Audiovisual
2018;Mayo;Cineteca;MADRID SURF FILM FESTIVAL 2018: SESIÓN VII: OCÉANO PLÁSTI..;10;Cine y Audiovisual
2018;Mayo;Cineteca;MADRID SURF FILM FESTIVAL 2018: SESIÓN VIII: OCEAN THERAPY..;5;Cine y Audiovisual
2018;Mayo;Cineteca;SESIÓN CINEZETA: PIPPERMINT FRAPPÉ;1;Cine y Audiovisual
2018;Mayo;Cineteca;Tarrafal;15;Cine y Audiovisual
2018;Mayo;Cineteca;UN HOMBRE MEJOR - A BETTER MAN (DOCS BARCELONA);16;Documental
2018;Mayo;Conde Duque;Alfredo Tejada;36;Música y Conciertos
2018;Mayo;Conde Duque;HERMANXS SHAKESPEARE;100;Teatro y Escénicas
2018;Mayo;Conde Duque;LA Zuhainpeko Soinuak - Ahozko Trasmisioa;30;Música y Conciertos
2018;Mayo;Fernán Gómez;Desde El Acero (Ab Ipso Ferro). Fray Luis De León;28;Literatura y Poesía
2018;Mayo;Fernán Gómez;El Círculo De Hierro. Bécquer. Los Martes, Milagro.;33;Literatura y Poesía
2018;Mayo;Fernán Gómez;"Alfonso Losa ""Con-Secuencias""";54;Música y Conciertos
2018;Mayo;Fernán Gómez;"Bailaoras. ""El Nuevo Tiempo""";93;Música y Conciertos
2018;Mayo;Fernán Gómez;"CPD ""Carmen Amaya"" / CPD ""Fortea""";42;Música y Conciertos
2018;Mayo;Fernán Gómez;David Palomar, Riki Rivera, Roberto Jaén y El Junco;47;Música y Conciertos
2018;Mayo;Fernán Gómez;"Emilio Ochando. ""Siroco""";52;Música y Conciertos
2018;Mayo;Fernán Gómez;"Gala Ignaugural Flamenco Con ""M"" De Mujer";95;Música y Conciertos
2018;Mayo;Fernán Gómez;"Manuel Reyes. ""Tan Solo""";33;Música y Conciertos
2018;Mayo;Fernán Gómez;Pablo Rubén Maldonado. El Arte De La Ira y Del Amor;33;Música y Conciertos
2018;Mayo;Fernán Gómez;R.C. P  De D. Mariemma / C. S. María De Ávila;51;Música y Conciertos
2018;Mayo;Fernán Gómez;"Salvador Tavora. ""Quejío""";35;Música y Conciertos
2018;Mayo;Fernán Gómez;"Tremendita + Gema Caballero. ""Cantahora""";33;Música y Conciertos
2018;Mayo;Fernán Gómez;"Astrid Hada ""Miscelanea"". """;37;Teatro y Escénicas
2018;Mayo;Fernán Gómez;"Cashalada Cía. ""Two Ladies or not Two Ladies""";50;Teatro y Escénicas
2018;Mayo;Fernán Gómez;"De La Puríssima Presenta ""Hagiografía""";82;Música y Conciertos
2018;Mayo;Fernán Gómez;"La Beti y Madame Gostossa. ""Una Vida Burlesca""";33;Teatro y Escénicas
2018;Mayo;Fernán Gómez;"La Shica. ""Pequeñas Infidelidades""";33;Música y Conciertos
2018;Mayo;Fernán Gómez;"Roma Calderón ""Apasionata""";81;Teatro y Escénicas
2018;Mayo;Fernán Gómez;Requiem;297;Música y Conciertos
2018;Mayo;Naves Matadero;IMPRENTA ACÚSTICA EN.. (14 BORRONES DE UNA) .. APARICIÓN;152;Literatura y Poesía
2018;Mayo;Naves Matadero;Le Direktør (El Jefe De Todo Esto)- L’Alakran;55;Teatro y Escénicas
2018;Mayo;Teatro Circo Price;Invisibles;160;Cine y Audiovisual
2018;Mayo;Teatro Circo Price;La Dévorée;50;Teatro y Escénicas
2018;Mayo;Teatro Circo Price;Y Ahora Qué?;200;Teatro y Escénicas
2018;Mayo;Teatro Español;Apariencias;284;Teatro y Escénicas
2018;Mayo;Teatro Español;Divinas Palabras;787;Teatro y Escénicas
2018;Mayo;Teatro Español;Donde El Bosque Se Espesa;813;Teatro y Escénicas
2018;Mayo;Teatro Español;Olvidémonos De Ser Turistas;406;Cine y Audiovisual
2018;Mayo;Teatro Español;CLARA GAYO vs. ABRIL ZAMORA;25;Teatro y Escénicas
2018;Mayo;Teatro Español;EVA REDONDO vs. JAN VILANOVA;20;Teatro y Escénicas
2018;Mayo;Teatro Español;GON RAMOS vs. CRISTINA CLEMENTE;25;Teatro y Escénicas
2018;Mayo;Teatro Español;PRIMERA SEMIFINAL;25;Teatro y Escénicas
2018;Junio;Cineteca;CICLO BRUCE LABRUCE: IT is not PORNOGRAPHER PERVERSE...;45;Cine y Audiovisual
2018;Junio;Cineteca;CICLO BRUCE LABRUCE: NO SKIN OFF MY ASS;38;Cine y Audiovisual
2018;Junio;Cineteca;CICLO DOC PORTUGUÉS: A TOCA DO LOBO;6;Documental
2018;Junio;Cineteca;CICLO DOC PORTUGUÉS: E AGORA? LEMBRA-ME;9;Documental
2018;Junio;Cineteca;CICLO DOC PORTUGUÉS: ELDORADO XXI;5;Documental
2018;Junio;Cineteca;CICLO DOC PORTUGUÉS: LUZ OBSCURA;22;Documental
2018;Junio;Cineteca;CICLO MUJERES HECHAS DE PUNK: AUTOSUFICIENTES;6;Documental
2018;Junio;Cineteca;CICLO MUJERES HECHAS DE PUNK: EL PEOR DIOS;21;Documental
2018;Junio;Cineteca;CICLO MUJERES HECHAS DE PUNK: HERE to be HEARD;19;Documental
2018;Junio;Cineteca;CICLO MUJERES HECHAS DE PUNK: MUJERES DEL SIGLO XX;62;Documental
2018;Junio;Cineteca;CICLO MUJERES HECHAS DE PUNK: PELIGRO SOCIAL;29;Documental
2018;Junio;Cineteca;CICLO MUJERES HECHAS DE PUNK: WE’RE HERE, WE’RE PRESENT;14;Documental
2018;Junio;Cineteca;CICLO MUJERES HECHAS DE PUNK: DE UN TIEMPO LIBRE a ESTA PARTE;2;Documental
2018;Junio;Cineteca;Cinezeta Victoria;1;Cine y Audiovisual
2018;Junio;Cineteca;DONKEYOTE;21;Documental
2018;Junio;Cineteca;ELEFANTES;33;Teatro y Escénicas
2018;Junio;Cineteca;Era of Dance;1;Teatro y Escénicas
2018;Junio;Cineteca;LA GRIETA;40;Documental
2018;Junio;Cineteca;Miss Kiet´s Children;14;Documental
2018;Junio;Cineteca;PETITET;38;Teatro y Escénicas
2018;Junio;Cineteca;SPAIN MOVING IMAGES FESTIVAL: CAFÉ TOGO / AL BAJAR DE...;16;Cine y Audiovisual
2018;Junio;Conde Duque;Hermanxs Shakespeare;161;Teatro y Escénicas
2018;Junio;Conde Duque;Muestra Latidos;53;Cine y Audiovisual
2018;Junio;Fernán Gómez;El Vuelo De La Mariposa;33;Teatro y Escénicas
2018;Junio;Fernán Gómez;"Antonio Canales. ""A Cuerda y Tacón""";2;Música y Conciertos
2018;Junio;Fernán Gómez;"Concha Jareño. ""Recital Flamenco""";62;Música y Conciertos
2018;Junio;Fernán Gómez;"Ismael De La Rosa / Yeray Cortés. ""Flamenco Directo""";33;Música y Conciertos
2018;Junio;Fernán Gómez;"José Maldonado. ""Bodegón""";95;Música y Conciertos
2018;Junio;Fernán Gómez;"M. De La Tomasa, El Purili y R. Lara. ""18""";33;Música y Conciertos
2018;Junio;Fernán Gómez;"Mirian Méndez. ""La Princesa Descalza""";33;Música y Conciertos
2018;Junio;Fernán Gómez;Monjes Tibetanos Thasi Lhunpu (Tibet);138;Cultura General
2018;Junio;Fernán Gómez;La Familia No;380;Cine y Audiovisual
2018;Junio;Fernán Gómez;Placeres Íntimos;445;Teatro y Escénicas
2018;Junio;Fernán Gómez;XXVII Cert. Coreog. De D. Española y Flamenco. Semifinales;113;Teatro y Escénicas
2018;Junio;Naves Matadero;ADISHATZ / ADIEU. Jonathan Capdevielle -Association Poppydog;70;Teatro y Escénicas
2018;Junio;Naves Matadero;De Sol a Sol;20;Teatro y Escénicas
2018;Junio;Naves Matadero;IMAGINACIONES Y SORTILEGIOS;20;Teatro y Escénicas
2018;Junio;Naves Matadero;MADRUGÁ;73;Teatro y Escénicas
2018;Junio;Teatro Circo Price;Gran Gala 25 Aniversario Payasos Sin Fronteras;51;Infantil / Familiar
2018;Junio;Teatro Circo Price;La Vuelta a Mi Mundo;110;Teatro y Escénicas
2018;Junio;Teatro Español;Apariencias;179;Teatro y Escénicas
2018;Junio;Teatro Español;1000 Preguntas Antes De Cantar Una Canción;51;Música y Conciertos
2018;Junio;Teatro Español;Casas;9;Teatro y Escénicas
2018;Junio;Teatro Español;Evros Walk Water;23;Documental
2018;Junio;Teatro Español;La Riña;23;Teatro y Escénicas
2018;Junio;Teatro Español;La Traviata;50;Música y Conciertos
2018;Junio;Teatro Español;Rebota, Rebota y en Tu Cara Explota;60;Teatro y Escénicas
2018;Junio;Teatro Español;Olvidémonos De Ser Turistas;48;Cine y Audiovisual
2018;Junio;Teatro Español;GRAN FINAL;25;Teatro y Escénicas
2018;Junio;Teatro Español;SEGUNDA SEMIFINAL;25;Teatro y Escénicas
2018;Junio;Teatro Español;Tres Deseos;79;Teatro y Escénicas
2018;Julio;Cineteca;Dolphin Man;20;Documental
2018;Julio;Cineteca;Goodbye Mr. Marshall;9;Cine y Audiovisual
2018;Julio;Cineteca;La Memoria De Los Huesos;68;Documental
2018;Julio;Cineteca;La Plaza;54;Cine y Audiovisual
2018;Julio;Cineteca;La Realidad en Pedazos;13;Documental
2018;Julio;Cineteca;Miss Kiet´s Children;25;Documental
2018;Julio;Conde Duque;Sin Beneficiarios;0;Cultura General
2018;Julio;Fernán Gómez;La Familia No;49;Cine y Audiovisual
2018;Julio;Fernán Gómez;Las Bicicletas Son Para El Verano.;1611;Teatro y Escénicas
2018;Julio;Naves Matadero;Crowd - Gisèle Viene;140;Teatro y Escénicas
2018;Julio;Naves Matadero;Trilogía Antropofágica. Acto 2;128;Teatro y Escénicas
2018;Julio;Naves Matadero;TRA Trilogía Antropofágica. Acto 3;118;Teatro y Escénicas
2018;Julio;Teatro Circo Price;La Vida Moderna Live Show;978;Cultura General
2018;Julio;Teatro Circo Price;Until the Lions;706;Teatro y Escénicas
2018;Julio;Teatro Español;Sin Beneficiarios;0;Cultura General
2018;Julio;Veranos De La Villa;Por Bambino, Sigue La Fiesta;70;Música y Conciertos
2018;Agosto;Cineteca;Sin Beneficiarios;0;Cultura General
2018;Agosto;Conde Duque;Sin Beneficiarios;0;Cultura General
2018;Agosto;Fernán Gómez;Sin Beneficiarios;0;Cultura General
2018;Agosto;Naves Matadero;Sin Beneficiarios;0;Cultura General
2018;Agosto;Teatro Circo Price;Sin Beneficiarios;0;Cultura General
2018;Agosto;Teatro Español;Sin Beneficiarios;0;Cultura General
2018;Septiembre;Cineteca;ANI  - The Breadwinner;12;Cine y Audiovisual
2018;Septiembre;Cineteca;Braguino;73;Documental
2018;Septiembre;Cineteca;Ciclo Docma: Sub Terrae/Una Vez Fuimos Salvajes;18;Documental
2018;Septiembre;Cineteca;Cine Pol. Dir. Por Mujeres: 39 El Documental;11;Documental
2018;Septiembre;Cineteca;Cine Pol. Dir. Por Mujeres: Ala-Kachuu (Grab and Run);18;Cine y Audiovisual
2018;Septiembre;Cineteca;Cine Pol. Dir. Por Mujeres: Areka/Entre Pándols i Cavalls/Asturias Patria Dolida…;14;Cine y Audiovisual
2018;Septiembre;Cineteca;Cine Pol. Dir. Por Mujeres: Arenas De silencio:Olas De Valor;23;Documental
2018;Septiembre;Cineteca;Cine Pol. Dir. Por Mujeres: La Vuelta Al Mundo + La Grieta;36;Cine y Audiovisual
2018;Septiembre;Cineteca;Cine Pol. Dir. Por Mujeres: Las Mujeres Decididas/Lo Que La Distancia No Borra;18;Cine y Audiovisual
2018;Septiembre;Cineteca;Cine Pol. Dir. Por Mujeres: The Neverending Wall/Vientos De Resistencia;16;Cine y Audiovisual
2018;Septiembre;Cineteca;Cine Pol. Dir. Por Mujeres: Veinte Años Después/Juthour;17;Cine y Audiovisual
2018;Septiembre;Cineteca;Directed by Women: Debate: Nuevas Tendencias en El Guión Audiovisual;2;Cultura General
2018;Septiembre;Cineteca;Directed by Women: Double Victims;19;Cine y Audiovisual
2018;Septiembre;Cineteca;Directed by Women: Rumbos;2;Cine y Audiovisual
2018;Septiembre;Cineteca;Directed by Women: Sesión De Cortos 1;32;Cine y Audiovisual
2018;Septiembre;Cineteca;Directed by Women: Sesión De Cortos 2;23;Cine y Audiovisual
2018;Septiembre;Cineteca;Directed by Women: Sesión De Cortos 3;8;Cine y Audiovisual
2018;Septiembre;Cineteca;Directed by Women: Trinta Lumes;18;Documental
2018;Septiembre;Cineteca;Directed by Women: Verano 1993;55;Cine y Audiovisual
2018;Septiembre;Cineteca;Ganar Al Viento;48;Cine y Audiovisual
2018;Septiembre;Cineteca;Indiaindie Cine Independiente De La India: Pinneyum;10;Cine y Audiovisual
2018;Septiembre;Cineteca;Indiaindie Cine Independiente De La India: Village Rockstars;24;Cine y Audiovisual
2018;Septiembre;Cineteca;Japán Weekend: Animé Japonés: A Silent Voice;32;Cine y Audiovisual
2018;Septiembre;Cineteca;Japán Weekend: Animé Japonés: Bungo Stray Dogs: Dead Apple;32;Cine y Audiovisual
2018;Septiembre;Cineteca;Japán Weekend: Animé Japonés: Gatos, Un Viaje De Vuelta a Casa;32;Cine y Audiovisual
2018;Septiembre;Cineteca;Japán Weekend: Animé Japonés: Your Name;32;Cine y Audiovisual
2018;Septiembre;Cineteca;Los Gigantes No Existen;23;Cine y Audiovisual
2018;Septiembre;Cineteca;Lychee Int. Film Festival. Dust in the Wind;20;Cine y Audiovisual
2018;Septiembre;Cineteca;Lychee Int. Film Festival. Eighteen Springs;17;Cine y Audiovisual
2018;Septiembre;Cineteca;Lychee Int. Film Festival. Suzhou River;20;Cine y Audiovisual
2018;Septiembre;Cineteca;Lychee Int. Film Festival. Viva El Amor;32;Cine y Audiovisual
2018;Septiembre;Cineteca;Madres Invisibles;31;Documental
2018;Septiembre;Cineteca;Niñato;81;Documental
2018;Septiembre;Cineteca;Nosotros;122;Cine y Audiovisual
2018;Septiembre;Cineteca;Promesas Del Este: A Woman Captured;3;Documental
2018;Septiembre;Cineteca;Promesas Del Este: Debut;2;Documental
2018;Septiembre;Cineteca;Promesas Del Este: Solving My Mother;5;Documental
2018;Septiembre;Cineteca;Promesas Del Este: The Distant Barking of Dogs;3;Documental
2018;Septiembre;Cineteca;Promesas Del Este: The Other Side of Everything;5;Documental
2018;Septiembre;Cineteca;Promesas Del Este: The Russian Job;8;Documental
2018;Septiembre;Cineteca;Rabot;40;Documental
2018;Septiembre;Cineteca;Sicixia;23;Cine y Audiovisual
2018;Septiembre;Cineteca;The Wedding Banquet;18;Cine y Audiovisual
2018;Septiembre;Conde Duque;Anatomía Pública;116;Teatro y Escénicas
2018;Septiembre;Conde Duque;"Christina Rosenvinge Presenta ""Un Hombre Rubio""";67;Música y Conciertos
2018;Septiembre;Conde Duque;Concierto De Sex Museum;41;Música y Conciertos
2018;Septiembre;Conde Duque;El Cielo;21;Teatro y Escénicas
2018;Septiembre;Conde Duque;La Noche Justo Antes De Los Bosques;58;Teatro y Escénicas
2018;Septiembre;Conde Duque;La Ronda;84;Teatro y Escénicas
2018;Septiembre;Fernán Gómez;Otelo a Juicio;873;Teatro y Escénicas
2018;Septiembre;Fernán Gómez;Proyecto-Edipo;960;Teatro y Escénicas
2018;Septiembre;Matadero;Quorum;90;Teatro y Escénicas
2018;Septiembre;Matadero;Vespa;60;Teatro y Escénicas
2018;Septiembre;Teatro Circo Price;H.Art;553;Teatro y Escénicas
2018;Septiembre;Teatro Español;El Pan y La Sal;300;Literatura y Poesía
2018;Octubre;Cineteca;Alberto García-Alix. La Línea De Sombra;127;Cultura General
2018;Octubre;Cineteca;Another Way Film Festival 2018: Guardians of the Earth;8;Documental
2018;Octubre;Cineteca;Another Way Film Festival 2018: Living the Change: Inspiri;24;Documental
2018;Octubre;Cineteca;Another Way Film Festival 2018: Return;18;Documental
2018;Octubre;Cineteca;Another Way Film Festival 2018: When Lambs Become Lions;13;Documental
2018;Octubre;Cineteca;Another Way Film Festival 2018: When Two Worlds Colllide;13;Documental
2018;Octubre;Cineteca;Ciclo Docma. Wan Xia, La Última Luz Del Atardecer/Tódalas Mu;18;Documental
2018;Octubre;Cineteca;Desenterrando Sad Hill;49;Documental
2018;Octubre;Cineteca;Docs Barcelona Del Mes: Eugenio;38;Documental
2018;Octubre;Cineteca;El Proxeneta. Paso Corto, Mala Leche;55;Documental
2018;Octubre;Cineteca;Hasta Mañana Si Dios Quiere;92;Cine y Audiovisual
2018;Octubre;Cineteca;Los Gigantes No Existen;43;Cine y Audiovisual
2018;Octubre;Cineteca;Nocturna: Ceremonia Sangrienta;32;Cine y Audiovisual
2018;Octubre;Cineteca;Nocturna: Jack Taylor: Testigo Del Fantástico/ El Pionero;22;Cine y Audiovisual
2018;Octubre;Cineteca;Nocturna: Laboratory Conditions/Tigers are not Afraid;32;Cine y Audiovisual
2018;Octubre;Cineteca;Nocturna: Skickelsen / Inquilinos;32;Cine y Audiovisual
2018;Octubre;Cineteca;Team Mali;57;Documental
2018;Octubre;Conde Duque;Circored: Aware;33;Teatro y Escénicas
2018;Octubre;Conde Duque;Circored: Gregarios;33;Teatro y Escénicas
2018;Octubre;Conde Duque;Concierto De BIZNAGA;67;Música y Conciertos
2018;Octubre;Conde Duque;Concierto De Javier Colis y Ana Béjar;21;Música y Conciertos
2018;Octubre;Conde Duque;Concierto De Josele Santiago;37;Música y Conciertos
2018;Octubre;Conde Duque;Cuckoo;116;Teatro y Escénicas
2018;Octubre;Conde Duque;Demonios Tus Ojos. Concierto 30º Aniversario;30;Música y Conciertos
2018;Octubre;Conde Duque;El Cielo;21;Teatro y Escénicas
2018;Octubre;Conde Duque;History, History, History;110;Cine y Audiovisual
2018;Octubre;Conde Duque;La Noche Justo Antes De Los Bosques;42;Teatro y Escénicas
2018;Octubre;Conde Duque;Santiago Auserón;39;Música y Conciertos
2018;Octubre;Fernán Gómez;Alguien Voló Sobre El Nido Del Cuco;1769;Teatro y Escénicas
2018;Octubre;Fernán Gómez;Otelo a Juicio;317;Teatro y Escénicas
2018;Octubre;Fernán Gómez;Proyecto-Edipo;500;Teatro y Escénicas
2018;Octubre;Fernán Gómez;Vientos Que Nos Barrerán;412;Teatro y Escénicas
2018;Octubre;Naves Matadero;La Consagración De La Primavera;157;Teatro y Escénicas
2018;Octubre;Teatro Circo Price;Circored: Compañía Voletemps (Distans);174;Teatro y Escénicas
2018;Octubre;Teatro Circo Price;Circored: Ya Es Tiempo De Hablar Del Amor;174;Teatro y Escénicas
2018;Octubre;Teatro Circo Price;Festival Iberoamericano De Circo - Gala a;302;Infantil / Familiar
2018;Octubre;Teatro Circo Price;Festival Iberoamericano De Circo - Gala B;303;Infantil / Familiar
2018;Octubre;Teatro Circo Price;Festival Iberoamericano De Circo - Gran Gala FINAL;317;Infantil / Familiar
2018;Octubre;Teatro Circo Price;Le Roux: The Elephant in the Room;436;Infantil / Familiar
2018;Octubre;Teatro Español;Jane Eyre;1200;Teatro y Escénicas
2018;Octubre;Teatro Español;Mundo Obrero;357;Teatro y Escénicas
2018;Noviembre;Cineteca;Bicycle Film Festival 2018: Cortos Cinematográficos;40;Cine y Audiovisual
2018;Noviembre;Cineteca;Bicycle Film Festival 2018: Transcarpathians;16;Cine y Audiovisual
2018;Noviembre;Cineteca;Docs Barcelona Del Mes: Of Fhater and Sons;32;Documental
2018;Noviembre;Cineteca;Festival Márgenes: Belmonte;22;Cine y Audiovisual
2018;Noviembre;Cineteca;Festival Márgenes: Con El Viento;32;Cine y Audiovisual
2018;Noviembre;Cineteca;Festival Márgenes: Entre Dos Aguas;17;Cine y Audiovisual
2018;Noviembre;Cineteca;Festival Márgenes: Flor (2ª Parte);14;Cine y Audiovisual
2018;Noviembre;Cineteca;Festival Márgenes: Flor (3ª Parte);21;Cine y Audiovisual
2018;Noviembre;Cineteca;Festival Márgenes: Gimcheoul;32;Cine y Audiovisual
2018;Noviembre;Cineteca;Festival Márgenes: Industry: Distribución/Festivales;11;Cultura General
2018;Noviembre;Cineteca;Festival Márgenes: La Estrella Errante;20;Cine y Audiovisual
2018;Noviembre;Cineteca;Festival Márgenes: Los Débiles;17;Cine y Audiovisual
2018;Noviembre;Cineteca;Festival Márgenes: Nuestro Tiempo;23;Cine y Audiovisual
2018;Noviembre;Cineteca;Impulso;18;Documental
2018;Noviembre;Cineteca;Lesgaicinemad 2018: Bárbara;5;Cine y Audiovisual
2018;Noviembre;Cineteca;Lesgaicinemad 2018: Candela + Eva (¿cómo Te Llamas?);29;Cine y Audiovisual
2018;Noviembre;Cineteca;Lesgaicinemad 2018: Cola De Mono;18;Cine y Audiovisual
2018;Noviembre;Cineteca;Lesgaicinemad 2018: Cortos Int.: Cuerpos Libres/It's so Qui;18;Cine y Audiovisual
2018;Noviembre;Cineteca;Lesgaicinemad 2018: I Hate New York;55;Documental
2018;Noviembre;Cineteca;Lesgaicinemad 2018: La Rara De La Familia/Cárceles Bolleras;18;Cine y Audiovisual
2018;Noviembre;Cineteca;Lesgaicinemad 2018: Lesgaicinespaña II: Guillermo en El Tej;17;Cine y Audiovisual
2018;Noviembre;Cineteca;Lesgaicinemad 2018: Los Modernos;18;Cine y Audiovisual
2018;Noviembre;Cineteca;Lesgaicinemad 2018: Los Ojos Llorosos;10;Cine y Audiovisual
2018;Noviembre;Cineteca;Lesgaicinemad 2018: Ma Vie Avec James Dean;16;Cine y Audiovisual
2018;Noviembre;Cineteca;Lesgaicinemad 2018: Nuevas Visib. + Mujeres + Ind. Cult. TV;36;Cultura General
2018;Noviembre;Cineteca;Lesgaicinemad 2018: Yo Indocumentada;18;Cine y Audiovisual
2018;Noviembre;Cineteca;Oscuro y Lucientes;160;Cine y Audiovisual
2018;Noviembre;Cineteca;Over the Limit;65;Documental
2018;Noviembre;Cineteca;Premio Rizoma De Cine: Ainhoa, Yo Soy Esa;18;Cine y Audiovisual
2018;Noviembre;Cineteca;Premio Rizoma De Cine: El Rey Negro;18;Cine y Audiovisual
2018;Noviembre;Cineteca;Premio Rizoma De Cine: Puta y Amada;18;Cine y Audiovisual
2018;Noviembre;Cineteca;Premio Rizoma De Cine: Trinta Lumes;18;Documental
2018;Noviembre;Cineteca;Rizoma De Cine: The Lost City of Atlantis: Rat Film;2;Cine y Audiovisual
2018;Noviembre;Cineteca;Rizoma: Estreno Especial: Holiday;55;Cine y Audiovisual
2018;Noviembre;Cineteca;Rizoma: Estreno Especial: People's Republic of Desire;46;Cine y Audiovisual
2018;Noviembre;Cineteca;Rizoma: Estreno Especial: RBG;20;Cine y Audiovisual
2018;Noviembre;Cineteca;Rizoma: Madrid en Corto;55;Cine y Audiovisual
2018;Noviembre;Conde Duque;1,28 - Raquel Klein;48;Teatro y Escénicas
2018;Noviembre;Conde Duque;Adam Baldych&Helge Lien - JazzMadrid´18;25;Música y Conciertos
2018;Noviembre;Conde Duque;"AgusFulka ""Aprehendizaje"" - JazzMadrid´18";25;Música y Conciertos
2018;Noviembre;Conde Duque;En La Fundación - La Joven Compañía;248;Teatro y Escénicas
2018;Noviembre;Conde Duque;Flamenco Standards - JazzMadrid´18;25;Música y Conciertos
2018;Noviembre;Conde Duque;Inn-Finity Quartet - JazzMadrid'18;25;Música y Conciertos
2018;Noviembre;Conde Duque;John Surman Trio - JazzMadrid´18;25;Música y Conciertos
2018;Noviembre;Conde Duque;Kinga Glyk - JazzMadrid´18;25;Música y Conciertos
2018;Noviembre;Conde Duque;La Memoria;51;Teatro y Escénicas
2018;Noviembre;Conde Duque;Lichis&Troublemakers Blue Review - JazzMadrid´18;25;Música y Conciertos
2018;Noviembre;Conde Duque;Mariola Membrives - JazzMadrid'18;25;Música y Conciertos
2018;Noviembre;Conde Duque;Monodrama - JazzMadrid'18;25;Música y Conciertos
2018;Noviembre;Conde Duque;Playoff - La Joven Compañía;248;Teatro y Escénicas
2018;Noviembre;Conde Duque;Twist (Versión Corta) - La Imperfecta;48;Teatro y Escénicas
2018;Noviembre;Conde Duque;Yellow Place - La Kor'sia;48;Teatro y Escénicas
2018;Noviembre;Fernán Gómez;Alguien Voló Sobre El Nido Del Cuco;123;Teatro y Escénicas
2018;Noviembre;Fernán Gómez;CUZCO;328;Teatro y Escénicas
2018;Noviembre;Fernán Gómez;F.J. Art Ensemble of Chicago;170;Música y Conciertos
2018;Noviembre;Fernán Gómez;F.J. Avishai Cohen Quartet;170;Música y Conciertos
2018;Noviembre;Fernán Gómez;F.J. Billy Cobham Band;132;Música y Conciertos
2018;Noviembre;Fernán Gómez;F.J. Corey Harris Trío;170;Música y Conciertos
2018;Noviembre;Fernán Gómez;F.J. Michel Camilo Solo Piano;29;Música y Conciertos
2018;Noviembre;Fernán Gómez;F.J. Mulatu Astatke;16;Música y Conciertos
2018;Noviembre;Fernán Gómez;F.J. Nils Petter Molvaer Group;170;Música y Conciertos
2018;Noviembre;Fernán Gómez;F.J. O Sister!;170;Música y Conciertos
2018;Noviembre;Fernán Gómez;F.J. Regina Carter Quartet;170;Música y Conciertos
2018;Noviembre;Fernán Gómez;F.J. Robin McKelle;170;Música y Conciertos
2018;Noviembre;Fernán Gómez;F.J. Tigran Hamasyan Solo Piano;170;Música y Conciertos
2018;Noviembre;Fernán Gómez;F.J. Ximo Tébar Band;161;Música y Conciertos
2018;Noviembre;Fernán Gómez;Vientos Que Nos Barrerán;39;Teatro y Escénicas
2018;Noviembre;Fernán Gómez;Za!. Poética Contemporánea;41;Música y Conciertos
2018;Noviembre;Naves Matadero;Atlantida;58;Teatro y Escénicas
2018;Noviembre;Naves Matadero;Coisas Do Meu Imaginário - Rael;101;Teatro y Escénicas
2018;Noviembre;Naves Matadero;Do you Read Me - Concierto De Palabra y Música;66;Literatura y Poesía
2018;Noviembre;Naves Matadero;Explosión Sonora;101;Música y Conciertos
2018;Noviembre;Circo Price;Circo Price en Navidad;278;Infantil / Familiar
2018;Noviembre;Circo Price;Model Citizens;436;Teatro y Escénicas
2018;Noviembre;Teatro Español;Federico García;500;Teatro y Escénicas
2018;Noviembre;Teatro Español;Fiesta, Fiesta, Fiesta;123;Teatro y Escénicas
2018;Noviembre;Teatro Español;La Puta De Las Mil Noches;254;Cine y Audiovisual
2018;Noviembre;Teatro Español;Living with the Lights on;80;Teatro y Escénicas
2018;Noviembre;Teatro Español;Los Cuerpos Perdidos;2250;Teatro y Escénicas
2018;Noviembre;Teatro Español;Mundo Obrero;33;Teatro y Escénicas
2018;Noviembre;Teatro Español;Rojo;319;Teatro y Escénicas
2018;Noviembre;Madrid Destino;Conferencia De Clausura. Bruce Sterling + Sesión DJ;3;Cultura General
2018;Noviembre;Madrid Destino;Conferencia Metahaven;31;Cultura General
2018;Noviembre;Madrid Destino;Tentacular;30;Cultura General
2018;Diciembre;Cineteca;Flesh Memory;75;Documental
2018;Diciembre;Cineteca;Historia Antigua Del Cine España;71;Cine y Audiovisual
2018;Diciembre;Cineteca;L'Animale;60;Cine y Audiovisual
2018;Diciembre;Cineteca;Last Days in Shibati;32;Documental
2018;Diciembre;Cineteca;Rizoma De Cine: The Lost City of Atlantis: Rat Film;30;Cine y Audiovisual
2018;Diciembre;Cineteca;Shootball;43;Cine y Audiovisual
2018;Diciembre;Cineteca;Those Who are Fine;32;Cine y Audiovisual
2018;Diciembre;Cineteca;Trote;192;Cine y Audiovisual
2018;Diciembre;Conde Duque;Aquí Siempre, (Extracto) - Poliana Lima;48;Teatro y Escénicas
2018;Diciembre;Conde Duque;Cariño;40;Teatro y Escénicas
2018;Diciembre;Conde Duque;La Memoria;69;Teatro y Escénicas
2018;Diciembre;Conde Duque;Sumario 3/94;63;Teatro y Escénicas
2018;Diciembre;Fernán Gómez;Cenizas De Fénix (Lope De Vega). Los Martes, Milagro;82;Teatro y Escénicas
2018;Diciembre;Fernán Gómez;FG. Charleston Gospel Voices Presenta El Ritmo Del Gospel;516;Música y Conciertos
2018;Diciembre;Fernán Gómez;FG. Chicago Mass Choir Presenta Connecting Souls;344;Música y Conciertos
2018;Diciembre;Fernán Gómez;FG. the South Carolina Gospel Chorale Presenta Feeling...;172;Música y Conciertos
2018;Diciembre;Fernán Gómez;FMD. ANIMALES De El Retablo;41;Infantil / Familiar
2018;Diciembre;Fernán Gómez;FMD. EL SILLÓN De Alejandra Prieto;123;Infantil / Familiar
2018;Diciembre;Fernán Gómez;FMD. LA VUELTA AL MUNDO en 80 CAJAS De Markeliñe;52;Infantil / Familiar
2018;Diciembre;Fernán Gómez;FMD. LOVER De Andrés Beladiez;41;Infantil / Familiar
2018;Diciembre;Fernán Gómez;FMD. MI JUGUETE FAVORITO De La Tartana;34;Infantil / Familiar
2018;Diciembre;Fernán Gómez;FMD. MOBILUS De Addaura;57;Infantil / Familiar
2018;Diciembre;Fernán Gómez;Pep Bou. Poética Contemporánea;172;Infantil / Familiar
2018;Diciembre;Fernán Gómez;Tom en La Granja;287;Infantil / Familiar
2018;Diciembre;Naves Matadero;Practice Makes Perfect;65;Teatro y Escénicas
2018;Diciembre;Naves Matadero;She's Mine;130;Teatro y Escénicas
2018;Diciembre;Circo Price;Circo Price en Navidad;2047;Infantil / Familiar
2018;Diciembre;Teatro Español;La Puta De Las Mil Noches;162;Cine y Audiovisual
2018;Diciembre;Teatro Español;Rojo;1931;Teatro y Escénicas
2019;Enero;Cineteca;Bertsolari;55;Documental
2019;Enero;Cineteca;Bowie, Back to Earth: The Man Who Fell to Earth;64;Cine y Audiovisual
2019;Enero;Cineteca;Bowie, Back to Earth: Twin Peaks. Fuego Camina Conmigo;32;Cine y Audiovisual
2019;Enero;Cineteca;I See Red People;90;Cine y Audiovisual
2019;Enero;Cineteca;Last Days in Shibati;52;Documental
2019;Enero;Cineteca;Matangi / Maya / M.I.A.;119;Documental
2019;Enero;Cineteca;Milicianas;128;Documental
2019;Enero;Cineteca;Muestra Cine Canadiense: All the Time in the World;55;Cine y Audiovisual
2019;Enero;Cineteca;Muestra Cine Canadiense: Chien De Garde;13;Cine y Audiovisual
2019;Enero;Cineteca;Muestra Cine Canadiense: Festival Banff;28;Cine y Audiovisual
2019;Enero;Cineteca;Muestra Cine Canadiense: Giant Little Ones;55;Cine y Audiovisual
2019;Enero;Cineteca;Muestra Cine Canadiense: Indian Horse;18;Cine y Audiovisual
2019;Enero;Cineteca;Muestra Cine Canadiense: Les Faux Tatouages;55;Cine y Audiovisual
2019;Enero;Cineteca;Profundidad De Campo: Meiro Koizumi+Carta Blanca: Battleland;29;Cine y Audiovisual
2019;Enero;Cineteca;Profundidad De Campo: Meiro Koizumi+Carta Blanca: Cuentos to;62;Cine y Audiovisual
2019;Enero;Cineteca;Profundidad De Campo: Meiro Koizumi+Carta Blanca: La Delgada;50;Cine y Audiovisual
2019;Enero;Cineteca;Profundidad De Campo: Meiro Koizumi+Carta Blanca: Restrepo;18;Cine y Audiovisual
2019;Enero;Cineteca;Profundidad De Campo: Meiro Koizumi+Carta Blanca: Rikugun;23;Cine y Audiovisual
2019;Enero;Cineteca;RBG;45;Documental
2019;Enero;Cineteca;Rêve De Mousse;17;Documental
2019;Enero;Cineteca;Roi Soleil: Albert Serra;47;Cine y Audiovisual
2019;Enero;Cineteca;Shut Up and Play the Piano;87;Documental
2019;Enero;Cineteca;Silvana;41;Documental
2019;Enero;Cineteca;Werner Herzog, en El Abismo: Happy People;;
2019;Enero;Cineteca;Werner Herzog, en El Abismo: Into the Abyss: A Tale of Dea;57;Documental
2019;Enero;Cineteca;Werner Herzog, en El Abismo: Lo and Behold, Reveries of Th;32;Documental
2019;Enero;Cineteca;Werner Herzog, en El Abismo: Meeting  Grobachev;43;Documental
2019;Enero;Cineteca;Ziggy Stardust and the Spiders from Mars;66;Cine y Audiovisual
2019;Febrero;Cineteca;?;64;Cultura General
2019;Febrero;Cineteca;Arrebato;32;Cine y Audiovisual
2019;Febrero;Cineteca;Cantares De La Revolución;220;Cine y Audiovisual
2019;Febrero;Cineteca;Días Extraños;64;Cine y Audiovisual
2019;Febrero;Cineteca;El Amor y La Muerte. Historia De Enrique Granados;73;Música y Conciertos
2019;Febrero;Cineteca;El Libro De Imágenes;138;Cine y Audiovisual
2019;Febrero;Cineteca;El Viaje De Kioto;35;Cine y Audiovisual
2019;Febrero;Cineteca;Encuentro Con Tim Allen;32;Cultura General
2019;Febrero;Cineteca;Están Vivos;32;Cine y Audiovisual
2019;Febrero;Cineteca;Frankenweenie;32;Cine y Audiovisual
2019;Febrero;Cineteca;He Venido a Leer La Noche;30;Literatura y Poesía
2019;Febrero;Cineteca;Infinite Football;20;Documental
2019;Febrero;Cineteca;Instant Dreams;0;Cine y Audiovisual
2019;Febrero;Cineteca;Isla De Perros;64;Cine y Audiovisual
2019;Febrero;Cineteca;La Mirada Eléctrica: Sesión 1. Miradas Expandidas;10;Cine y Audiovisual
2019;Febrero;Cineteca;Los Ojos De Laura Mars;64;Cine y Audiovisual
2019;Febrero;Cineteca;Mudar La Piel;144;Cine y Audiovisual
2019;Febrero;Cineteca;Ouaga Girls;55;Documental
2019;Febrero;Cineteca;RBG;118;Documental
2019;Febrero;Cineteca;Scenes from under Childhood;32;Cine y Audiovisual
2019;Febrero;Cineteca;Sesión De Cortos De Johann Lurf;32;Cine y Audiovisual
2019;Febrero;Cineteca;Sesión Oficial 3;31;Cine y Audiovisual
2019;Febrero;Cineteca;Sesión Oficial 4;36;Cine y Audiovisual
2019;Febrero;Cineteca;Sesión Oficial 5;17;Cine y Audiovisual
2019;Febrero;Cineteca;Sesión Oficial 6;11;Cine y Audiovisual
2019;Febrero;Cineteca;Simposio De Cibercultura y New Media Art;18;Cultura General
2019;Febrero;Cineteca;Somos Más;18;Cine y Audiovisual
2019;Febrero;Cineteca;The Girl Wiht X-Ray Eyes + El Hombre Con Rayos X en Los Ojos;32;Cine y Audiovisual
2019;Febrero;Cineteca;The Second Game;10;Cine y Audiovisual
2019;Marzo;Cineteca;Adolescentes (21 Retratos Firmados);13;Documental
2019;Marzo;Cineteca;Antonio López, Apuntes Del Natural;39;Cine y Audiovisual
2019;Marzo;Cineteca;"Asian Dub Foundation ""La Haine"" Live Soundtrack";23;Música y Conciertos
2019;Marzo;Cineteca;Bobbi Jene;34;Documental
2019;Marzo;Cineteca;Brecht Die Macht Der Manipulateure/Romper El Poder De Los m;23;Cine y Audiovisual
2019;Marzo;Cineteca;Brexitannia;23;Documental
2019;Marzo;Cineteca;Buscadores De Sol y Nieve;0;Cine y Audiovisual
2019;Marzo;Cineteca;Ciclo Docma: Cortos Escuelas;13;Documental
2019;Marzo;Cineteca;Después De Esto;131;Cine y Audiovisual
2019;Marzo;Cineteca;Directed by Women. Sesión De Cortometrajes;37;Cine y Audiovisual
2019;Marzo;Cineteca;El Auge Del Humano;1;Cine y Audiovisual
2019;Marzo;Cineteca;El Libro De Imágenes;131;Cine y Audiovisual
2019;Marzo;Cineteca;Fin Del Mundo + Cuando Sea Un Pájaro;47;Cine y Audiovisual
2019;Marzo;Cineteca;I Cormorani;26;Cine y Audiovisual
2019;Marzo;Cineteca;Jeanne Dielman, 23 Quai Du Commerce, 1080;26;Cine y Audiovisual
2019;Marzo;Cineteca;Komunia / La Comunión;44;Documental
2019;Marzo;Cineteca;L´ Epoque (Young & Alive);36;Cine y Audiovisual
2019;Marzo;Cineteca;La Casa Lobo;92;Cine y Audiovisual
2019;Marzo;Cineteca;La Flor (1ª Parte);23;Cine y Audiovisual
2019;Marzo;Cineteca;La Reina Del Silencio;53;Cine y Audiovisual
2019;Marzo;Cineteca;Nightcleaners;23;Documental
2019;Marzo;Cineteca;Over the Limit / Más Allá Del Límite;36;Documental
2019;Marzo;Cineteca;Paranoid Park;48;Cine y Audiovisual
2019;Marzo;Cineteca;Peret, Yo Soy La Rumba;63;Documental
2019;Marzo;Cineteca;Pine Flat;17;Cine y Audiovisual
2019;Marzo;Cineteca;Project X;46;Cine y Audiovisual
2019;Marzo;Cineteca;Quiero Lo Eterno;46;Cine y Audiovisual
2019;Marzo;Cineteca;Silvana;84;Documental
2019;Marzo;Cineteca;Spring Breakers;46;Cine y Audiovisual
2019;Marzo;Cineteca;Tarde Para Morir Joven;114;Cine y Audiovisual
2019;Marzo;Cineteca;Una Chica Vuelve a Casa Sola De Noche;46;Cine y Audiovisual
2019;Marzo;Cineteca;Young & Beautiful;91;Cine y Audiovisual
2019;Marzo;Cineteca;Zaniki;54;Cine y Audiovisual
2019;Abril;Cineteca;8 Super 8. De Lo Doméstico a Lo Infinito;25;Cine y Audiovisual
2019;Abril;Cineteca;Alien, El Octavo Pasajero;172;Cine y Audiovisual
2019;Abril;Cineteca;Alps;29;Cine y Audiovisual
2019;Abril;Cineteca;Beau Travail;45;Cine y Audiovisual
2019;Abril;Cineteca;Cada Ver Es;26;Cine y Audiovisual
2019;Abril;Cineteca;Canciones Para Después De Una Guerra;13;Cine y Audiovisual
2019;Abril;Cineteca;Candelaria;34;Cine y Audiovisual
2019;Abril;Cineteca;Carolee Schneemann;13;Documental
2019;Abril;Cineteca;Distant Constellation;66;Cine y Audiovisual
2019;Abril;Cineteca;El Sueño De Cristo;15;Cine y Audiovisual
2019;Abril;Cineteca;En Mi Piel;18;Cine y Audiovisual
2019;Abril;Cineteca;Familia Sumergida;32;Cine y Audiovisual
2019;Abril;Cineteca;Inseparables;29;Cine y Audiovisual
2019;Abril;Cineteca;Jeanne Dielman, 23 Quai Du Commerce, 1080;20;Cine y Audiovisual
2019;Abril;Cineteca;L´ Epoque (Young & Alive);121;Cine y Audiovisual
2019;Abril;Cineteca;La Casa Lobo;85;Cine y Audiovisual
2019;Abril;Cineteca;La Mosca De David Cronenberg;29;Cine y Audiovisual
2019;Abril;Cineteca;La Mosca De Kurt Neumann;29;Cine y Audiovisual
2019;Abril;Cineteca;La Piel Que Habito;58;Cine y Audiovisual
2019;Abril;Cineteca;Los Ángeles Plays Itself;13;Cine y Audiovisual
2019;Abril;Cineteca;Margolaria;29;Cine y Audiovisual
2019;Abril;Cineteca;Namrud El Problemático;35;Cine y Audiovisual
2019;Abril;Cineteca;Narcissister Organ Player;47;Cine y Audiovisual
2019;Abril;Cineteca;Nitrate Kises;13;Cine y Audiovisual
2019;Abril;Cineteca;Pódworka/Récréations;13;Cine y Audiovisual
2019;Abril;Cineteca;The Wild Boys;29;Cine y Audiovisual
2019;Abril;Cineteca;Thirst;56;Cine y Audiovisual
2019;Abril;Cineteca;Touch Me not;53;Cine y Audiovisual
2019;Abril;Cineteca;Under the Skin;58;Cine y Audiovisual
2019;Abril;Cineteca;Vinieron De Dentro De ...;29;Cine y Audiovisual
2019;Abril;Cineteca;Warhol Político: The Life of Juanita Castro/Since Excerpt;29;Cine y Audiovisual
2019;Mayo;Cineteca;A Portuguesa;36;Cine y Audiovisual
2019;Mayo;Cineteca;Allures / Thir;10;Cine y Audiovisual
2019;Mayo;Cineteca;An Elephant Sitting Still;111;Cine y Audiovisual
2019;Mayo;Cineteca;Anthropocene: The Human Epoch;36;Documental
2019;Mayo;Cineteca;Carelia: Internacional Con Monumento;18;Cine y Audiovisual
2019;Mayo;Cineteca;Charco, Canciones Del Río De La Plata;33;Música y Conciertos
2019;Mayo;Cineteca;Color Perro Que Huye;10;Cine y Audiovisual
2019;Mayo;Cineteca;Cortos Experimenales Húngaros;17;Cine y Audiovisual
2019;Mayo;Cineteca;DM  Dans L'oeil Du Chien + Die Schläferin + La Bala De Sando;9;Documental
2019;Mayo;Cineteca;DM ¿me Vas a Gritar? + New Face + Ancora Lucciole + Las Cas;17;Documental
2019;Mayo;Cineteca;DM a Bissau, Le Carnaval + Fogo, L'île De Feu + Un Carnaval;11;Documental
2019;Mayo;Cineteca;DM Aftermath + Le Discours D'acceptation Glorieux De Nicolas;13;Documental
2019;Mayo;Cineteca;DM and What is the Summer Saying + Jamnapaar + the Garden o;11;Documental
2019;Mayo;Cineteca;DM Ángel Caído + Labo + Selfie + Kafenio Kastello + Greykey;15;Documental
2019;Mayo;Cineteca;DM Apuntes Para Una Herencia;16;Documental
2019;Mayo;Cineteca;DM by the Name of Tania;29;Documental
2019;Mayo;Cineteca;DM Caballerango;7;Documental
2019;Mayo;Cineteca;DM Cerro Quemado;45;Documental
2019;Mayo;Cineteca;DM Charleroi, Le Pays Aux 60 Montagnes;24;Documental
2019;Mayo;Cineteca;DM Die Bauliche Ma?nahme;28;Documental
2019;Mayo;Cineteca;DM Dongwu Fangyan;13;Documental
2019;Mayo;Cineteca;DM El Cuarto Reino;20;Documental
2019;Mayo;Cineteca;DM Festival Panafricain d'Alger;11;Documental
2019;Mayo;Cineteca;DM Hasta Que Las Nubes Nos Unan, Guardiola - Diola;5;Documental
2019;Mayo;Cineteca;DM I Have Sinned a Rapturous Sin + Mitra;28;Documental
2019;Mayo;Cineteca;DM Idrissa, Crònica D'una Mort Qualsevol;24;Documental
2019;Mayo;Cineteca;DM Journal De Septiembre;18;Documental
2019;Mayo;Cineteca;DM Krähen Schiessen + Sombra Luminosa + Pattaki + the Common;11;Documental
2019;Mayo;Cineteca;DM La Ciudad Oculta;66;Documental
2019;Mayo;Cineteca;DM Lapü;43;Documental
2019;Mayo;Cineteca;DM Madame;46;Documental
2019;Mayo;Cineteca;DM Manu;11;Documental
2019;Mayo;Cineteca;DM Midnight Traveler;44;Documental
2019;Mayo;Cineteca;DM Ojo Guareña;4;Documental
2019;Mayo;Cineteca;DM Out of the Gardens;27;Documental
2019;Mayo;Cineteca;DM Para La Guerra;8;Documental
2019;Mayo;Cineteca;DM Selfie;21;Documental
2019;Mayo;Cineteca;DM Teatro De Guerra + Operation Jane Walk;23;Documental
2019;Mayo;Cineteca;DM Tirss, Rihlat Alsou'oud Ila Almar'i;6;Documental
2019;Mayo;Cineteca;DM Una Corriente Salvaje;19;Documental
2019;Mayo;Cineteca;DM Walled Unwalled + Walked the Way Home + Forlandia Malaise;9;Documental
2019;Mayo;Cineteca;DM Xalko;37;Documental
2019;Mayo;Cineteca;El Silencio Es Un Cuerpo Que Cae;13;Cine y Audiovisual
2019;Mayo;Cineteca;Elephant + Find Fix Finish;13;Documental
2019;Mayo;Cineteca;Ensayo Final Para Utopía;22;Cine y Audiovisual
2019;Mayo;Cineteca;Familia Sumergida;15;Cine y Audiovisual
2019;Mayo;Cineteca;Idrissa, Crónica De Una Muerte Cualquiera;9;Documental
2019;Mayo;Cineteca;Inhabitants / Nanook of the North;11;Cine y Audiovisual
2019;Mayo;Cineteca;Introducción Al Oscuro;29;Cine y Audiovisual
2019;Mayo;Cineteca;La Búsqueda;17;Cine y Audiovisual
2019;Mayo;Cineteca;La Ciudad Oculta;17;Cine y Audiovisual
2019;Mayo;Cineteca;Let Us Meet Now;9;Cine y Audiovisual
2019;Mayo;Cineteca;Lost Horizon;4;Cine y Audiovisual
2019;Mayo;Cineteca;Maggie;26;Cine y Audiovisual
2019;Mayo;Cineteca;Ode to the Goose;29;Cine y Audiovisual
2019;Mayo;Cineteca;Oleg y Las Raras Artes;18;Cine y Audiovisual
2019;Mayo;Cineteca;Salt for Svanetia / Grass: a Nation's Battle for Life / Pami;4;Cine y Audiovisual
2019;Mayo;Cineteca;Study in Color and Black and White / Jungle Book;5;Cine y Audiovisual
2019;Mayo;Cineteca;Time Trial;5;Cine y Audiovisual
2019;Mayo;Cineteca;To My River;30;Cine y Audiovisual
2019;Mayo;Cineteca;Who will Write Our History?;29;Documental
2019;Mayo;Cineteca;Winter's Night;14;Cine y Audiovisual
2019;Junio;Cineteca;Allures / Thir;33;Cine y Audiovisual
2019;Junio;Cineteca;An Elephant Sitting Still;92;Cine y Audiovisual
2019;Junio;Cineteca;And when I Die, I Won't Stay Dead;41;Documental
2019;Junio;Cineteca;Benshi. Dramaturgia Cine y Teatro;13;Teatro y Escénicas
2019;Junio;Cineteca;Chroniques De 2005;8;Documental
2019;Junio;Cineteca;Dentro Cine;9;Cine y Audiovisual
2019;Junio;Cineteca;El Séptimo en Cineteca: La Ciudad Oculta;34;Cine y Audiovisual
2019;Junio;Cineteca;Emma;17;Cine y Audiovisual
2019;Junio;Cineteca;En Los 90 (Mid90s);53;Cine y Audiovisual
2019;Junio;Cineteca;Free Angela and all the Political Prisioners;45;Documental
2019;Junio;Cineteca;Gabinete - Arte Comtemporáneo en Chile;18;Cultura General
2019;Junio;Cineteca;Haz Lo Que Debas;88;Cine y Audiovisual
2019;Junio;Cineteca;Infierno en Los Ángeles;11;Cine y Audiovisual
2019;Junio;Cineteca;Inhabitants / Nanook of the North;18;Cine y Audiovisual
2019;Junio;Cineteca;Juke: Passages from Films by Spencer Williams / Black Pant;18;Cine y Audiovisual
2019;Junio;Cineteca;Kamarada;13;Cine y Audiovisual
2019;Junio;Cineteca;La Ciudad Oculta;118;Cine y Audiovisual
2019;Junio;Cineteca;La Flor (1ª Parte);23;Cine y Audiovisual
2019;Junio;Cineteca;Las Noches Rojas De Harlem;24;Cine y Audiovisual
2019;Junio;Cineteca;Los Chicos Del Barrio;29;Cine y Audiovisual
2019;Junio;Cineteca;Los Reyes;4;Cine y Audiovisual
2019;Junio;Cineteca;Lost Horizon;32;Cine y Audiovisual
2019;Junio;Cineteca;Mario y Los Perros;13;Cine y Audiovisual
2019;Junio;Cineteca;No Vietnamese Ever Called Me Nigger;8;Documental
2019;Junio;Cineteca;Nocturno: Fantasmas Del Mar en Puerto;9;Cine y Audiovisual
2019;Junio;Cineteca;Nuestro Tiempo;28;Cine y Audiovisual
2019;Junio;Cineteca;Salt for Svanetia / Grass: a Nation's Battle for Life / Pami;15;Cine y Audiovisual
2019;Junio;Cineteca;Santos#2;3;Cine y Audiovisual
2019;Junio;Cineteca;Sesión De Cortos Virgil Vernier;13;Cine y Audiovisual
2019;Junio;Cineteca;Sophia Antipolis;21;Cine y Audiovisual
2019;Junio;Cineteca;Study in Color and Black and White / Jungle Book;19;Cine y Audiovisual
2019;Junio;Cineteca;Sweet Sweetback's Baadasssss Song;8;Cine y Audiovisual
2019;Junio;Cineteca;Tu Boca en Los Cielos;19;Cine y Audiovisual
2019;Junio;Cineteca;What you Gonna Do when the World's on Fire?;8;Cine y Audiovisual
2019;Enero;Conde Duque;Duólogos | Duólogo en Fa Bemol Mayor;128;Duólogo
2019;Enero;Conde Duque;Suena Conde Duque - Shabazz Palaces;80;Música y Conciertos
2019;Febrero;Conde Duque;Duólogos | Duólogo De Los Cuerpos Armoniosos;128;Duólogo
2019;Febrero;Conde Duque;Duólogos | Duólogo Sobre Lienzo Invisible;128;Duólogo
2019;Febrero;Conde Duque;Light Years Away;183;Música y Conciertos
2019;Febrero;Conde Duque;Método Negro;106;Música y Conciertos
2019;Febrero;Conde Duque;Suena Conde Duque - BFLecha+Yamila;80;Música y Conciertos
2019;Febrero;Conde Duque;Suena Conde Duque - Daedelus;80;Música y Conciertos
2019;Febrero;Conde Duque;Suena Conde Duque - Kalabrese;80;Música y Conciertos
2019;Febrero;Conde Duque;Suena Conde Duque - Tunng;80;Música y Conciertos
2019;Febrero;Conde Duque;Trilogía (Imperfecta) De La Vida;50;Teatro y Escénicas
2019;Febrero;Conde Duque;Y Los Huesos Hablaron;122;Teatro y Escénicas
2019;Marzo;Conde Duque;Cock and Bull + RadiOh Europa;47;Música y Conciertos
2019;Marzo;Conde Duque;Cuerpo Gozoso Se Eleva Ligero;101;Teatro y Escénicas
2019;Marzo;Conde Duque;Domestica;101;Teatro y Escénicas
2019;Marzo;Conde Duque;Duólogos | Duólogo Desde La Tramoya;168;Duólogo
2019;Marzo;Conde Duque;Suena Conde Duque - Aitor Etxebebarria Ensemble;50;Música y Conciertos
2019;Marzo;Conde Duque;Suena Conde Duque - Don the Tiger;61;Música y Conciertos
2019;Marzo;Conde Duque;Suena Conde Duque - William Basinski;80;Música y Conciertos
2019;Marzo;Conde Duque;This is How We Die;106;Teatro y Escénicas
2019;Marzo;Conde Duque;Trilogía (Imperfecta) De La Vida;53;Teatro y Escénicas
2019;Marzo;Conde Duque;Ya Llegan Los Personajes;48;Teatro y Escénicas
2019;Abril;Conde Duque;Aquí, Siempre;101;Teatro y Escénicas
2019;Abril;Conde Duque;Duólogos | Duólogo Con Rima Asonante;64;Duólogo
2019;Abril;Conde Duque;Gazoline;123;Teatro y Escénicas
2019;Mayo;Conde Duque;Fuenteovejuna;60;Teatro y Escénicas
2019;Mayo;Conde Duque;Gazoline;311;Teatro y Escénicas
2019;Mayo;Conde Duque;Lecciones De Vuelo;45;Teatro y Escénicas
2019;Mayo;Conde Duque;SCDII - Suena Conde Duque - Gaye Su Akyol;74;Música y Conciertos
2019;Mayo;Conde Duque;SCDII - Suena Conde Duque - Hauschka;57;Música y Conciertos
2019;Mayo;Conde Duque;SCDII - Suena Conde Duque - Marc Ribot;57;Música y Conciertos
2019;Mayo;Conde Duque;SCDII - Suena Conde Duque - The Comet is Coming;74;Música y Conciertos
2019;Mayo;Conde Duque;Un Cine Arde y Diez Personas Arden;19;Teatro y Escénicas
2019;Junio;Conde Duque;I Cure;54;Teatro y Escénicas
2019;Junio;Conde Duque;La Noche Justo Antes De Los Bosques;124;Teatro y Escénicas
2019;Junio;Conde Duque;Lecciones De Vuelo;32;Teatro y Escénicas
2019;Junio;Conde Duque;One Gesture;103;Teatro y Escénicas
2019;Junio;Conde Duque;SCDII - Suena Conde Duque - Gabacho Maroc;74;Música y Conciertos
2019;Junio;Conde Duque;SCDII - Suena Conde Duque - Ivo Dimchev;57;Música y Conciertos
2019;Junio;Conde Duque;SCP Niño De Elche;330;Música y Conciertos
2019;Junio;Conde Duque;Un Cine Arde y Diez Personas Arden;13;Teatro y Escénicas
2019;Enero;Fernán Gómez;FMD. ALICIA De Onírica Mecánica;46;Infantil / Familiar
2019;Enero;Fernán Gómez;FMD. DE LAS MANOS De La Fauna y La Tartana;28;Infantil / Familiar
2019;Enero;Fernán Gómez;FMD. EL PÁJARO PRODIGIOSO De La Maquiné;24;Infantil / Familiar
2019;Enero;Fernán Gómez;FMD. LA CASA DEL ABUELO De La Rous;32;Infantil / Familiar
2019;Enero;Fernán Gómez;MESTIZA;1703;Teatro y Escénicas
2019;Enero;Fernán Gómez;Un Cuerpo en Algún Lugar;435;Teatro y Escénicas
2019;Febrero;Fernán Gómez;GILGAMESH;404;Teatro y Escénicas
2019;Febrero;Fernán Gómez;MESTIZA;305;Teatro y Escénicas
2019;Febrero;Fernán Gómez;OVERTURE + JANSKY. TILDE. Poética Contemporánea;4;Música y Conciertos
2019;Febrero;Fernán Gómez;Todas Hieren y Una Mata;1530;Teatro y Escénicas
2019;Febrero;Fernán Gómez;Un Cuerpo en Algún Lugar;57;Teatro y Escénicas
2019;Marzo;Fernán Gómez;Bailar en La Oscuridad;1847;Teatro y Escénicas
2019;Marzo;Fernán Gómez;GILGAMESH;47;Teatro y Escénicas
2019;Marzo;Fernán Gómez;II Festival NU-CA: Dadá. Rock and Roll Kabaret;33;Música y Conciertos
2019;Marzo;Fernán Gómez;II Festival NU-CA: La Guayaba y La Tlayuda. ¿qué Tan Trans?.;33;Teatro y Escénicas
2019;Marzo;Fernán Gómez;II Festival NU-CA: Legi y Los Legi. Generación Hard Pop;33;Música y Conciertos
2019;Marzo;Fernán Gómez;II Festival NU-CA: Sonia Santana. Arlette Yun;33;Música y Conciertos
2019;Marzo;Fernán Gómez;II Festival NU-CA: Virginia Rodrigo. PercuAutora;33;Música y Conciertos
2019;Marzo;Fernán Gómez;LACURA;250;Música y Conciertos
2019;Marzo;Fernán Gómez;Laura Sam &nazareno + Violeta Gil & Abraham Boba.;33;Literatura y Poesía
2019;Abril;Fernán Gómez;Ana Caro Mallén. Los Martes, Milagro;41;Teatro y Escénicas
2019;Abril;Fernán Gómez;Bailar en La Oscuridad;839;Teatro y Escénicas
2019;Abril;Fernán Gómez;BOCADITOS. KUKAI DANTZA. CONCIERTO CON IÑAKI SALVADOR;33;Música y Conciertos
2019;Abril;Fernán Gómez;BOCADITOS. KUKAI DANTZA. CONCIERTO DE TXALAPARTA;33;Música y Conciertos
2019;Abril;Fernán Gómez;BOCADITOS. KUKAI DANTZA. MUESTRA COREÓGRAFOS DEL FUTURO;33;Teatro y Escénicas
2019;Abril;Fernán Gómez;Corazón De Poeta. Música Para Una Intervención. P. Ctprnea.;144;Música y Conciertos
2019;Abril;Fernán Gómez;CUANDO CAIGA LA NIEVE;301;Teatro y Escénicas
2019;Abril;Fernán Gómez;ERRITU- KUKAI DANTZA;93;Teatro y Escénicas
2019;Abril;Fernán Gómez;FMAM. BAROKKSOLISTENE;107;Música y Conciertos
2019;Abril;Fernán Gómez;FMAM. DELIRIUM MUSICA. Espectáculo- Taller Familiar;7;Infantil / Familiar
2019;Abril;Fernán Gómez;FMAM. L`APOTHEOSE;170;Música y Conciertos
2019;Abril;Fernán Gómez;FMAM. LA REAL CÁMARA;170;Música y Conciertos
2019;Abril;Fernán Gómez;FMAM.DELIRIUM MUSIC.;54;Música y Conciertos
2019;Abril;Fernán Gómez;GALA. KUKAI DANTZA;93;Música y Conciertos
2019;Mayo;Fernán Gómez;C. Coreográfico De D. Española y Flamenco. Semifinales;144;Teatro y Escénicas
2019;Mayo;Fernán Gómez;CUANDO CAIGA LA NIEVE;27;Teatro y Escénicas
2019;Mayo;Fernán Gómez;FFM. AL BAILE. JUAN CARLOS LÉRIDA;96;Teatro y Escénicas
2019;Mayo;Fernán Gómez;FFM. AMME. JAVIER PEDREIRA E INVITADOS;20;Música y Conciertos
2019;Mayo;Fernán Gómez;FFM. ANDRÉS MARÍN: Yo Le Canto a Mi Baile;109;Música y Conciertos
2019;Mayo;Fernán Gómez;FFM. ANTONIA;40;Música y Conciertos
2019;Mayo;Fernán Gómez;FFM. CHONI CÍA FLAMENCA: La Gloria De Mi Mare;51;Música y Conciertos
2019;Mayo;Fernán Gómez;FFM. CONCHA VARGAS & QUENTIN GAS - TOMÁS PERRALTE & A. LAGOS;144;Música y Conciertos
2019;Mayo;Fernán Gómez;FFM. CONTRASTES. M. Franco, El Purili y M. De La Tomasa;111;Música y Conciertos
2019;Mayo;Fernán Gómez;FFM. CRISTINA HALL Y ÁLVARO RAMÍREZ;41;Música y Conciertos
2019;Mayo;Fernán Gómez;FFM. DAVID PIELFORT. La Isla De Camarón.;40;Música y Conciertos
2019;Mayo;Fernán Gómez;FFM. EL CABRERO;0;Documental
2019;Mayo;Fernán Gómez;FFM. FALO: El Cante en Movimiento;85;Música y Conciertos
2019;Mayo;Fernán Gómez;FFM. LA FABI: Fruto y Flores / JOSÉ  DE LA TOMASA: Añejo;170;Música y Conciertos
2019;Mayo;Fernán Gómez;FFM. LEONOR LEAL Y ANTONIO MORENO. en Talleres.;52;Música y Conciertos
2019;Mayo;Fernán Gómez;FFM. LOLE MONTOYA;170;Cultura General
2019;Mayo;Fernán Gómez;FFM. LOS PLANETAS: Formato Acústico;34;Música y Conciertos
2019;Mayo;Fernán Gómez;FFM. LOS VOLUBLE;40;Música y Conciertos
2019;Mayo;Fernán Gómez;FFM. MARIO MAS Y JAVIER MÁS: A Los Toques Barbero;27;Música y Conciertos
2019;Mayo;Fernán Gómez;FFM. P.SOLER, B. ACHIARY, J.TORRES Y R. GUZMÁN;89;Música y Conciertos
2019;Mayo;Fernán Gómez;FFM. RAMIRO MORALES;40;Música y Conciertos
2019;Mayo;Fernán Gómez;FFM. RÁUL CANTIZANO;40;Música y Conciertos
2019;Mayo;Fernán Gómez;FFM. Refree & Isaki Lacuesta: La Otra Mitad/Entre Dos Aguas;170;Música y Conciertos
2019;Mayo;Fernán Gómez;FFM. TOMASITO: El Sitio De Tomasito;170;Cine y Audiovisual
2019;Mayo;Fernán Gómez;FMAM. CONCERTO1700;110;Música y Conciertos
2019;Mayo;Fernán Gómez;FMAM. LA HISPANIOLA MUSIC;81;Música y Conciertos
2019;Mayo;Fernán Gómez;FMAM. LA RITIRATA;136;Música y Conciertos
2019;Mayo;Fernán Gómez;FMAM. LA SPAGNA;100;Música y Conciertos
2019;Mayo;Fernán Gómez;FMAM. LA TEMPESTAD;107;Música y Conciertos
2019;Junio;Fernán Gómez;AMM-  MY DARLING CLEMENTINE;26;Música y Conciertos
2019;Junio;Fernán Gómez;AMM-  SCOTT H. BIRAM;41;Música y Conciertos
2019;Junio;Fernán Gómez;AMM- CLUB DEL RÍO;170;Música y Conciertos
2019;Junio;Fernán Gómez;AMM- ELSANTO;22;Música y Conciertos
2019;Junio;Fernán Gómez;AMM- FRANK TURNER & the SLEEPING SOULS;114;Música y Conciertos
2019;Junio;Fernán Gómez;AMM- KITTY DAISY & LEWIS;138;Música y Conciertos
2019;Junio;Fernán Gómez;AMM- PHOSPHORESCENT;123;Música y Conciertos
2019;Junio;Fernán Gómez;AMM- STEVE FORBERT;129;Música y Conciertos
2019;Junio;Fernán Gómez;AMM- SUZANNE VEGA;145;Música y Conciertos
2019;Junio;Fernán Gómez;MMM19. Fatoumata Diawara;170;Música y Conciertos
2019;Junio;Fernán Gómez;MMM19. Kroke;55;Música y Conciertos
2019;Junio;Fernán Gómez;MMM19. Trío Da Kali & Madrid String Quartet;91;Música y Conciertos
2019;Junio;Fernán Gómez;MMM19. Vinicio Capossela;74;Música y Conciertos
2019;Junio;Fernán Gómez;MMM19. Yungchen Lhamo;109;Música y Conciertos
2019;Enero;Naves Matadero;Burn Time;45;Teatro y Escénicas
2019;Enero;Naves Matadero;Los Años De La Fertilidad;130;Teatro y Escénicas
2019;Febrero;Naves Matadero;Carmen - Shakespeare: El Último Acto, Ese De La Muerte;224;Teatro y Escénicas
2019;Febrero;Naves Matadero;Deep Dish. the Perfect Garden;168;Teatro y Escénicas
2019;Febrero;Naves Matadero;Islas Atlánticas;65;Teatro y Escénicas
2019;Febrero;Naves Matadero;Tierras Del  Sud;65;Teatro y Escénicas
2019;Marzo;Naves Matadero;And so you See...;95;Teatro y Escénicas
2019;Marzo;Naves Matadero;Dios Tiene Vagina (Díptico Por La Identidad - Parte I);107;Teatro y Escénicas
2019;Marzo;Naves Matadero;Gatillo De La Felicidad;61;Teatro y Escénicas
2019;Marzo;Naves Matadero;O Nascimento De Vênus.;61;Teatro y Escénicas
2019;Marzo;Naves Matadero;One Hour with Robyn;23;Teatro y Escénicas
2019;Abril;Naves Matadero;Robota MML;53;Teatro y Escénicas
2019;Abril;Naves Matadero;Trasunto #2;61;Teatro y Escénicas
2019;Abril;Naves Matadero;Von Mit Nach T: No 2;174;Teatro y Escénicas
2019;Mayo;Naves Matadero;Corps Noir - Stéphane Gladyszewski;17;Teatro y Escénicas
2019;Mayo;Naves Matadero;Fan Naves;209;Cultura General
2019;Mayo;Naves Matadero;Tacit Group;130;Teatro y Escénicas
2019;Junio;Naves Matadero;Circo Interior Bruto;24;Infantil / Familiar
2019;Junio;Naves Matadero;Corps Noir - Stéphane Gladyszewski;16;Teatro y Escénicas
2019;Junio;Naves Matadero;Liniker e Os Caramelows;96;Música y Conciertos
2019;Junio;Naves Matadero;The Filthiest Cabaret Alive - Marta Izquierdo y La Dalia;18;Teatro y Escénicas
2019;Enero;Circo Price;Circo Price en Navidad;67;Infantil / Familiar
2019;Febrero;Circo Price;FM. Conferencias Mágicas;23;Infantil / Familiar
2019;Febrero;Circo Price;FM. Gala Internacional De Magia De Escena;1904;Infantil / Familiar
2019;Marzo;Circo Price;FM. Conferencias Mágicas;22;Infantil / Familiar
2019;Marzo;Circo Price;FM. Gala Internacional De Magia De Escena;1110;Infantil / Familiar
2019;Marzo;Circo Price;Humans;500;Teatro y Escénicas
2019;Marzo;Circo Price;Ramper, Vida y Muerte De Un Payaso;85;Teatro y Escénicas
2019;Marzo;Circo Price;Speakeasy;150;Teatro y Escénicas
2019;Abril;Circo Price;All the Fun;150;Infantil / Familiar
2019;Abril;Circo Price;Gran Gala De Circo Internacional - EUCIMA 2019;300;Infantil / Familiar
2019;Mayo;Circo Price;Miss Mara. Quien Se Reserva No Es Artista;250;Teatro y Escénicas
2019;Mayo;Circo Price;Myres;120;Infantil / Familiar
2019;Mayo;Circo Price;Pinito, Sombras De Un Trapecio;125;Teatro y Escénicas
2019;Junio;Circo Price;Ubuntu!!!  Todos Somos Uno!;99;Infantil / Familiar
2019;Enero;Teatro Español;El Sueño De La Vida;2201;Teatro y Escénicas
2019;Enero;Teatro Español;Los Otros Gondra (Relato Vasco);347;Teatro y Escénicas
2019;Febrero;Teatro Español;El Sueño De La Vida;949;Teatro y Escénicas
2019;Febrero;Teatro Español;Los Otros Gondra (Relato Vasco);95;Teatro y Escénicas
2019;Marzo;Teatro Español;Je Suis Narcissiste;190;Teatro y Escénicas
2019;Marzo;Teatro Español;Mi Niña, Niña Mía;480;Teatro y Escénicas
2019;Marzo;Teatro Español;Mrs. Dalloway;115;Teatro y Escénicas
2019;Abril;Teatro Español;La Sección;52;Teatro y Escénicas
2019;Abril;Teatro Español;Mi Niña, Niña Mía;67;Teatro y Escénicas
2019;Abril;Teatro Español;Mi Película Italiana;88;Teatro y Escénicas
2019;Abril;Teatro Español;Mrs. Dalloway;1913;Teatro y Escénicas
2019;Mayo;Teatro Español;El Desguace De Las Musas;1026;Teatro y Escénicas
2019;Mayo;Teatro Español;Estado Vegetal;26;Teatro y Escénicas
2019;Mayo;Teatro Español;L' Homme De La Mancha;450;Teatro y Escénicas
2019;Mayo;Teatro Español;Mi Película Italiana;302;Teatro y Escénicas
2019;Mayo;Teatro Español;Mrs. Dalloway;132;Teatro y Escénicas
2019;Mayo;Teatro Español;TD - Primera Semifinal;24;Teatro y Escénicas
2019;Mayo;Teatro Español;TD - Roberto Santiago vs. Avelina Pérez;24;Teatro y Escénicas
2019;Junio;Teatro Español;CZ - A Reason to Talk;25;Teatro y Escénicas
2019;Junio;Teatro Español;CZ - All Genius all Idiot;45;Teatro y Escénicas
2019;Junio;Teatro Español;CZ - Control Freak;45;Teatro y Escénicas
2019;Junio;Teatro Español;CZ - Ellen / Laurie / Pauline;8;Teatro y Escénicas
2019;Junio;Teatro Español;CZ - Frágil;45;Teatro y Escénicas
2019;Junio;Teatro Español;CZ - Masa;50;Teatro y Escénicas
2019;Junio;Teatro Español;El Desguace De Las Musas;474;Teatro y Escénicas
2019;Junio;Teatro Español;Estado Vegetal;50;Teatro y Escénicas
2019;Junio;Teatro Español;Hay Que Tirar Las Vacas Por El Barranco;26;Teatro y Escénicas
2019;Junio;Teatro Español;Los Bancos Regalan Sandwicheras  y Chorizos;208;Teatro y Escénicas
2019;Julio;Cineteca;¡cielo, Ahí Voy!: The Astronomer's Dream / Le Voyage [etc];15;Cine y Audiovisual
2019;Julio;Cineteca;Ana Vaz: Ar: Terra Nulus;16;Cine y Audiovisual
2019;Julio;Cineteca;Ana Vaz: Fogo: Is this What you Were Born For?;14;Cine y Audiovisual
2019;Julio;Cineteca;Ayla: Hija De La Guerra;24;Cine y Audiovisual
2019;Julio;Cineteca;Cine Letrista. Closed Vision;1;Cine y Audiovisual
2019;Julio;Cineteca;Coincoin Et Les Z'inhumains;8;Cine y Audiovisual
2019;Julio;Cineteca;Cómprame Un Revólver;45;Cine y Audiovisual
2019;Julio;Cineteca;Danzantes;33;Cine y Audiovisual
2019;Julio;Cineteca;El Alma en Suspenso: Somnium/ the Yellow Bank/ Nightswimming;12;Cine y Audiovisual
2019;Julio;Cineteca;El Eclipse;38;Cine y Audiovisual
2019;Julio;Cineteca;El Pequeño Quinquín;16;Cine y Audiovisual
2019;Julio;Cineteca;El Vampiro Chino De Usera;14;Cine y Audiovisual
2019;Julio;Cineteca;En El Espacio Interior: Impressions en Haute Atmosphère[...];14;Cine y Audiovisual
2019;Julio;Cineteca;Farpões Baldios / O Pão;10;Cine y Audiovisual
2019;Julio;Cineteca;Franco Ha Muerto: El Esqueleto + ...;12;Documental
2019;Julio;Cineteca;Franco Ha Muerto: Hoy Toca Lección De Historia / Digamos...;11;Documental
2019;Julio;Cineteca;Franco Ha Muerto: Valor Facial;17;Documental
2019;Julio;Cineteca;Hadewijch;8;Cine y Audiovisual
2019;Julio;Cineteca;Hamada;48;Documental
2019;Julio;Cineteca;Jeannette;24;Cine y Audiovisual
2019;Julio;Cineteca;L’Humanité;41;Cine y Audiovisual
2019;Julio;Cineteca;La Alta Sociedad;8;Cine y Audiovisual
2019;Julio;Cineteca;La Mujer en La Luna;13;Cine y Audiovisual
2019;Julio;Cineteca;La Vida De Jesús;11;Cine y Audiovisual
2019;Julio;Cineteca;Me Llamo Violeta;42;Documental
2019;Julio;Cineteca;Moonland / L. Cohen;14;Cine y Audiovisual
2019;Julio;Cineteca;Nude on the Moon;21;Cine y Audiovisual
2019;Julio;Cineteca;Ojos Negros;22;Cine y Audiovisual
2019;Julio;Cineteca;Satan & Adam;8;Documental
2019;Julio;Cineteca;Selfie;47;Cine y Audiovisual
2019;Julio;Cineteca;Terra Franca;11;Cine y Audiovisual
2019;Julio;Cineteca;The Bill Murray Stories;31;Cine y Audiovisual
2019;Julio;Cineteca;Venus. Confesiones Desnudas;54;Cine y Audiovisual
2019;Julio;Cineteca;What you Gonna Do when the World's on Fire?;47;Cine y Audiovisual
2019;Agosto;Cineteca;Sin Eventos;0;Cultura General
2019;Septiembre;Cineteca;AN - Competición Internacional De Cortometrajes 1;30;Cine y Audiovisual
2019;Septiembre;Cineteca;AN - Comportamiento Animal. Fábulas Modernas;54;Cine y Audiovisual
2019;Septiembre;Cineteca;AN - Conferencia: Así Hicimos Buñuel en El Laberinto De Las;30;Cultura General
2019;Septiembre;Cineteca;AN - Conferencia: Romper El Código. Nikita Diakur;15;Cultura General
2019;Septiembre;Cineteca;AN - Largometrajes Internacionales: Funan;31;Cine y Audiovisual
2019;Septiembre;Cineteca;Aquarela;24;Cine y Audiovisual
2019;Septiembre;Cineteca;Cielo Líquido;60;Cine y Audiovisual
2019;Septiembre;Cineteca;DBW - Acantilado;23;Documental
2019;Septiembre;Cineteca;DBW - El Silencio De Otros;54;Documental
2019;Septiembre;Cineteca;DBW - Most Beautiful Island;7;Cine y Audiovisual
2019;Septiembre;Cineteca;DBW - Sesión De Cortos 1;49;Cine y Audiovisual
2019;Septiembre;Cineteca;DBW - Sesión De Cortos 2;30;Cine y Audiovisual
2019;Septiembre;Cineteca;DBW - Sesión De Cortos 3;26;Cine y Audiovisual
2019;Septiembre;Cineteca;DBW - Sesión De Cortos 4;39;Cine y Audiovisual
2019;Septiembre;Cineteca;DBW - Singled Out;35;Documental
2019;Septiembre;Cineteca;El Extraordinario Viaje De Celeste García;18;Cine y Audiovisual
2019;Septiembre;Cineteca;El Recuperador;21;Cine y Audiovisual
2019;Septiembre;Cineteca;Encuentros en La Tercera Fase;55;Cine y Audiovisual
2019;Septiembre;Cineteca;Fishtank;14;Cine y Audiovisual
2019;Septiembre;Cineteca;Jinpa;18;Cine y Audiovisual
2019;Septiembre;Cineteca;La Flor (1ª Parte);22;Cine y Audiovisual
2019;Septiembre;Cineteca;La Invasión De Los Ladrones De Cuerpos;35;Cine y Audiovisual
2019;Septiembre;Cineteca;La Invasión De Los Ultracuerpos;40;Cine y Audiovisual
2019;Septiembre;Cineteca;La Llegada;108;Cine y Audiovisual
2019;Septiembre;Cineteca;La Virgen De Agosto;82;Cine y Audiovisual
2019;Septiembre;Cineteca;Liquid Sky Revisited;24;Cine y Audiovisual
2019;Septiembre;Cineteca;Mal Gusto (Bad Taste);4;Cine y Audiovisual
2019;Septiembre;Cineteca;Oscuro Animal;17;Cine y Audiovisual
2019;Septiembre;Cineteca;Paul;22;Cine y Audiovisual
2019;Septiembre;Cineteca;Ray & Liz;89;Cine y Audiovisual
2019;Septiembre;Cineteca;Revoluçao Industrial;10;Cine y Audiovisual
2019;Septiembre;Cineteca;Serás Hombre;93;Cine y Audiovisual
2019;Septiembre;Cineteca;Slimane;30;Cine y Audiovisual
2019;Septiembre;Cineteca;The Wild Blue Yonder;19;Cine y Audiovisual
2019;Septiembre;Cineteca;Ufo in Her Eyes;14;Cine y Audiovisual
2019;Septiembre;Cineteca;Womanhood;54;Cine y Audiovisual
2019;Octubre;Cineteca;AWFF 2019:  Island of the Hungry Ghosts;22;Documental
2019;Octubre;Cineteca;AWFF 2019:  the Village and the Wildfire;2;Documental
2019;Octubre;Cineteca;AWFF 2019: A Modern Sheperdess;12;Documental
2019;Octubre;Cineteca;AWFF 2019: Breathless;7;Documental
2019;Octubre;Cineteca;AWFF 2019: Ghost Fleet;24;Documental
2019;Octubre;Cineteca;AWFF 2019: Sección Nacional De Cortos. Rueda Por El Cambio;0;Documental
2019;Octubre;Cineteca;AWFF 2019: The Chocolate Case;13;Documental
2019;Octubre;Cineteca;AWFF 2019: Welcome to Sodom;40;Documental
2019;Octubre;Cineteca;AWFF 2019: When Tomatoes Meet Wagner;17;Documental
2019;Octubre;Cineteca;Danzantes;96;Cine y Audiovisual
2019;Octubre;Cineteca;LGC19 - Scream, Queen: My Nightmare on Elm Street;24;Cine y Audiovisual
2019;Octubre;Cineteca;LGC19 - Temblores (Tremors);12;Cine y Audiovisual
2019;Octubre;Cineteca;LGC19 - The Ground Beneath My Feet;26;Cine y Audiovisual
2019;Octubre;Cineteca;Lina Rodríguez: Ante Mis Ojos/Mañana a Esta Hora;30;Cine y Audiovisual
2019;Octubre;Cineteca;Lina Rodriguez: Convergencias y Reencuentros/Señoritas;30;Cine y Audiovisual
2019;Octubre;Cineteca;Malvalanda 13 Años en Corto;29;Cine y Audiovisual
2019;Octubre;Cineteca;Push;52;Cine y Audiovisual
2019;Octubre;Cineteca;Santuario;72;Cine y Audiovisual
2019;Octubre;Cineteca;Sobrenatural;18;Cine y Audiovisual
2019;Octubre;Cineteca;Varados;88;Cine y Audiovisual
2019;Noviembre;Cineteca;9fm - Glittering Misfits;39;Cine y Audiovisual
2019;Noviembre;Cineteca;9fm - Les Perseides;30;Cine y Audiovisual
2019;Noviembre;Cineteca;9fm - Longa Noite;40;Cine y Audiovisual
2019;Noviembre;Cineteca;9fm - Sanctorum;19;Cine y Audiovisual
2019;Noviembre;Cineteca;9fm -Jesus Shows you the Way to the Highway;44;Cine y Audiovisual
2019;Noviembre;Cineteca;Delphine et Carole, Insoumuses;49;Documental
2019;Noviembre;Cineteca;El Cuadro;54;Cine y Audiovisual
2019;Noviembre;Cineteca;El Hombre Que Diseñó España;48;Cine y Audiovisual
2019;Noviembre;Cineteca;Foco Paul Morrissey: Paul & the Velvet;14;Cine y Audiovisual
2019;Noviembre;Cineteca;La Holandesa;11;Teatro y Escénicas
2019;Noviembre;Cineteca;Letters to Paul Morrissey;41;Cine y Audiovisual
2019;Noviembre;Cineteca;LGC19 - A Rosa Azul De Novalis;13;Cine y Audiovisual
2019;Noviembre;Cineteca;LGC19 - Cortos Dirigidos Por Mujeres;24;Cine y Audiovisual
2019;Noviembre;Cineteca;LGC19 - Cortos Vanguardia;13;Cine y Audiovisual
2019;Noviembre;Cineteca;LGC19 - Invisible Women + All We've Got;13;Cine y Audiovisual
2019;Noviembre;Cineteca;LGC19 - Lemebel;24;Documental
2019;Noviembre;Cineteca;LGC19 - LesGaiCineEspaña I - Cortometrajes Nacionales;44;Cine y Audiovisual
2019;Noviembre;Cineteca;LGC19 - Memorias Reveladas / Resistencia Trans;24;Cine y Audiovisual
2019;Noviembre;Cineteca;LGC19 - Miss Amazonas;13;Cine y Audiovisual
2019;Noviembre;Cineteca;LGC19 - Sal y Pimienta;59;Cine y Audiovisual
2019;Noviembre;Cineteca;LGC19 - Temblores (Tremors);44;Cine y Audiovisual
2019;Noviembre;Cineteca;LGC19 - Un Rubio (Premio Honorífico Marco Berger);44;Cine y Audiovisual
2019;Noviembre;Cineteca;LGC19 - Unsetled: Seeking Refuge in America;26;Documental
2019;Noviembre;Cineteca;LGC19 - Zen Sul Ghiaccio Sottile;37;Cine y Audiovisual
2019;Noviembre;Cineteca;Lo Que Walaa Quiere;30;Documental
2019;Noviembre;Cineteca;Normal;44;Teatro y Escénicas
2019;Noviembre;Cineteca;Picotazos Contra El Cristal;14;Cine y Audiovisual
2019;Noviembre;Cineteca;Progressio: Festivales Clase Magistral Con Eva Pérez;24;Cultura General
2019;Noviembre;Cineteca;Progressio: Thomas Heise: Heimat is a Space in Time;13;Documental
2019;Noviembre;Cineteca;Progressio: Women Make Film. 1ª Parte;54;Documental
2019;Noviembre;Cineteca;RZM19 -  Encandilan Luces, Viaje Psicotrópico Con Los Síqui;21;Documental
2019;Noviembre;Cineteca;RZM19 -  Oscuro y Lucientes;13;Cine y Audiovisual
2019;Noviembre;Cineteca;RZM19 -  the Sound of Silence;44;Cine y Audiovisual
2019;Noviembre;Cineteca;RZM19 - Ara Malikian. Una Vida Entre Las Cuerdas;44;Documental
2019;Noviembre;Cineteca;RZM19 - Asamblea;32;Cine y Audiovisual
2019;Noviembre;Cineteca;RZM19 - Doble Yo;13;Cine y Audiovisual
2019;Noviembre;Cineteca;RZM19 - El Cuarto Reino;13;Documental
2019;Noviembre;Cineteca;RZM19 - El Escritor De Una País Sin Librerías;3;Documental
2019;Noviembre;Cineteca;RZM19 - La Ciudad Oculta;43;Documental
2019;Noviembre;Cineteca;RZM19 - Nancy;34;Cine y Audiovisual
2019;Noviembre;Cineteca;RZM19 - Ronco Rumor Remoto;2;Cine y Audiovisual
2019;Noviembre;Cineteca;Sad Song;17;Cine y Audiovisual
2019;Noviembre;Cineteca;Thinking Like a Mountain;13;Documental
2019;Noviembre;Cineteca;Thirst;16;Cine y Audiovisual
2019;Noviembre;Cineteca;Thirty;13;Cine y Audiovisual
2019;Noviembre;Cineteca;Thomas Heise: Material;11;Documental
2019;Noviembre;Cineteca;Un Año Más;27;Teatro y Escénicas
2019;Noviembre;Cineteca;Women Make Film. 1ª Parte;30;Documental
2019;Noviembre;Cineteca;Women Make Film. 2ª Parte;9;Documental
2019;Noviembre;Cineteca;Women Make Film. 3ª Parte;30;Documental
2019;Noviembre;Cineteca;Women Make Film. 4ª Parte;19;Documental
2019;Diciembre;Cineteca;Arraianos;26;Cine y Audiovisual
2019;Diciembre;Cineteca;Bajo El Peso De La Ley;30;Cine y Audiovisual
2019;Diciembre;Cineteca;Café y Cigarrillos;49;Cine y Audiovisual
2019;Diciembre;Cineteca;Corazonada;30;Cine y Audiovisual
2019;Diciembre;Cineteca;Drácula De Bram Stoker;54;Cine y Audiovisual
2019;Diciembre;Cineteca;El Precio Del Progreso;14;Cine y Audiovisual
2019;Diciembre;Cineteca;Eyes Wide Shut;96;Cine y Audiovisual
2019;Diciembre;Cineteca;Grupo Salvaje;30;Cine y Audiovisual
2019;Diciembre;Cineteca;La Flor (1ª Parte);14;Cine y Audiovisual
2019;Diciembre;Cineteca;La Ley De La Calle;20;Cine y Audiovisual
2019;Diciembre;Cineteca;Llora Cuando Te Pase / Border Radio;8;Cine y Audiovisual
2019;Diciembre;Cineteca;Love Me not;28;Cine y Audiovisual
2019;Diciembre;Cineteca;Mistery Train;30;Cine y Audiovisual
2019;Diciembre;Cineteca;Noche en La Tierra;50;Cine y Audiovisual
2019;Diciembre;Cineteca;Peckinpah Suite;11;Cine y Audiovisual
2019;Diciembre;Cineteca;Pic-Nic;18;Cine y Audiovisual
2019;Diciembre;Cineteca;Pop Pop;2;Cine y Audiovisual
2019;Diciembre;Cineteca;Resonating Surface;23;Cine y Audiovisual
2019;Diciembre;Cineteca;Smoke;38;Cine y Audiovisual
2019;Diciembre;Cineteca;The Rise of the Synths;61;Documental
2019;Diciembre;Cineteca;Vivir Para Vivir / Easy Rider;25;Cine y Audiovisual
2019;Diciembre;Cineteca;When Tomatoes Met Wagner;31;Documental
2019;Diciembre;Cineteca;Y Tú ¿por Qué Eres Negro?;8;Documental
2019;Diciembre;Cineteca;Zauriak;14;Cine y Audiovisual
2019;Julio;Conde Duque;Sin Eventos;0;Cultura General
2019;Agosto;Conde Duque;Sin Eventos;0;Cultura General
2019;Septiembre;Conde Duque;Desde Las Alturas;11;Cine y Audiovisual
2019;Septiembre;Conde Duque;Mining Stories;45;Documental
2019;Septiembre;Conde Duque;SCD Ata Kak;0;Música y Conciertos
2019;Septiembre;Conde Duque;SCD Bombino;83;Música y Conciertos
2019;Octubre;Conde Duque;A Gatas;43;Teatro y Escénicas
2019;Octubre;Conde Duque;Desde Las Alturas;18;Cine y Audiovisual
2019;Octubre;Conde Duque;Ficciones;49;Teatro y Escénicas
2019;Octubre;Conde Duque;Gentry;27;Teatro y Escénicas
2019;Octubre;Conde Duque;Kourtney Kardashian;42;Teatro y Escénicas
2019;Octubre;Conde Duque;SCD Ata Kak;73;Música y Conciertos
2019;Octubre;Conde Duque;SCD Circuit Des Yeux;55;Música y Conciertos
2019;Octubre;Conde Duque;SCD Fatima Al Aadiri + Artista Invitada Rrucculla;83;Música y Conciertos
2019;Octubre;Conde Duque;SCD Fennesz;55;Música y Conciertos
2019;Octubre;Conde Duque;SCD María Rodés;55;Música y Conciertos
2019;Octubre;Conde Duque;Tiestes;89;Teatro y Escénicas
2019;Octubre;Conde Duque;TTM - Conferencia Espectacular;63;Cultura General
2019;Octubre;Conde Duque;TTM - Conservando Memoria;53;Cultura General
2019;Noviembre;Conde Duque;CR - Esencial - Circo, Presente Continuo;31;Teatro y Escénicas
2019;Noviembre;Conde Duque;CR - Fang - Circo, Presente Continuo;30;Teatro y Escénicas
2019;Noviembre;Conde Duque;CR - Só -  Circo, Presente Continuo;43;Teatro y Escénicas
2019;Noviembre;Conde Duque;Dies Irae;260;Teatro y Escénicas
2019;Noviembre;Conde Duque;JZM - Brötzmann /Leigh;72;Música y Conciertos
2019;Noviembre;Conde Duque;JZM - David Virelles;72;Música y Conciertos
2019;Noviembre;Conde Duque;JZM - Lucia Rey (Residencia De Jazz);55;Música y Conciertos
2019;Noviembre;Conde Duque;JZM - Melanie De Biasio;73;Música y Conciertos
2019;Noviembre;Conde Duque;JZM - Nubya;73;Música y Conciertos
2019;Noviembre;Conde Duque;La Memoria;43;Teatro y Escénicas
2019;Noviembre;Conde Duque;Overload;102;Teatro y Escénicas
2019;Noviembre;Conde Duque;Poesía o Barbarie;55;Literatura y Poesía
2019;Diciembre;Conde Duque;Dies Irae;54;Teatro y Escénicas
2019;Diciembre;Conde Duque;Ella;51;Teatro y Escénicas
2019;Diciembre;Conde Duque;Festival Pulso;71;Cultura General
2019;Diciembre;Conde Duque;Gran Hermano;49;Teatro y Escénicas
2019;Diciembre;Conde Duque;La Memoria;48;Teatro y Escénicas
2019;Diciembre;Conde Duque;Mago De Oz;105;Teatro y Escénicas
2019;Diciembre;Conde Duque;Poesía o Barbarie;56;Literatura y Poesía
2019;Diciembre;Conde Duque;SCD Los Voluble;83;Música y Conciertos
2019;Diciembre;Conde Duque;Una Gran Emoción Política;49;Teatro y Escénicas
2019;Julio;Fernán Gómez;MMM19. Kíla;82;Música y Conciertos
2019;Julio;Fernán Gómez;MMM19. Savina Yannatou;73;Música y Conciertos
2019;Agosto;Fernán Gómez;Sin Eventos;0;Cultura General
2019;Septiembre;Fernán Gómez;MONSIEUR GOYA, Una Indagación;1090;Teatro y Escénicas
2019;Septiembre;Fernán Gómez;"Trilogía Contra El Abuso: ""Como Un Viento Helado"".";175;Teatro y Escénicas
2019;Septiembre;Fernán Gómez;"Trilogía Contra El Abuso: ""La Casa De La Llave""";71;Teatro y Escénicas
2019;Octubre;Fernán Gómez;MONSIEUR GOYA, Una Indagación;1233;Teatro y Escénicas
2019;Octubre;Fernán Gómez;También La Verdad Se Inventa. Los Martes, Milagro.;41;Teatro y Escénicas
2019;Octubre;Fernán Gómez;"Trilogía Contra El Abuso: ""La Casa De La Llave""";209;Teatro y Escénicas
2019;Octubre;Fernán Gómez;"Trilogía Contra El Abuso: ""Soka (Cuerda)""";441;Teatro y Escénicas
2019;Noviembre;Fernán Gómez;Aquí;294;Teatro y Escénicas
2019;Noviembre;Fernán Gómez;EL NIÑO Y LA BESTIA;164;Cine y Audiovisual
2019;Noviembre;Fernán Gómez;JM19. Benavent, Di Geraldo, Pardo.;150;Música y Conciertos
2019;Noviembre;Fernán Gómez;JM19. Cristian Scott a Tunde Adjuah;103;Música y Conciertos
2019;Noviembre;Fernán Gómez;JM19. Flamenco Trane, Guillermo McGill;170;Música y Conciertos
2019;Noviembre;Fernán Gómez;JM19. Giovanni Guidi / Mina Agossi. Sesión Doble;170;Música y Conciertos
2019;Noviembre;Fernán Gómez;JM19. Joe Lovano Tapestry Trío;170;Música y Conciertos
2019;Noviembre;Fernán Gómez;JM19. Lucky Peterson;170;Música y Conciertos
2019;Noviembre;Fernán Gómez;JM19. Mike Stern/Jeff Lorber Band y D. Chambers & J. Haslip;140;Música y Conciertos
2019;Noviembre;Fernán Gómez;JM19. Rebekka Bakken;170;Música y Conciertos
2019;Noviembre;Fernán Gómez;JM19. Stacey Kent;33;Música y Conciertos
2019;Noviembre;Fernán Gómez;JM19. Youn Sun Nah Trío;170;Música y Conciertos
2019;Noviembre;Fernán Gómez;La Esclava Del Señor. Los Martes, Milagro;28;Teatro y Escénicas
2019;Noviembre;Fernán Gómez;MONSIEUR GOYA, Una Indagación;289;Teatro y Escénicas
2019;Diciembre;Fernán Gómez;ANDREA DÍAZ REBOREDO- M.A.R. Poética Contemporánea;24;Teatro y Escénicas
2019;Diciembre;Fernán Gómez;El Diván De La Memoria Escondida. Los Martes Milagro;41;Teatro y Escénicas
2019;Diciembre;Fernán Gómez;EL NIÑO Y LA BESTIA;246;Cine y Audiovisual
2019;Diciembre;Fernán Gómez;F.M. 2062;24;Teatro y Escénicas
2019;Diciembre;Fernán Gómez;F.M. OVIDIA;46;Teatro y Escénicas
2019;Diciembre;Fernán Gómez;FG. Spirit of New Orleans Gospel Choir;340;Música y Conciertos
2019;Diciembre;Fernán Gómez;FG. the Campbell Brothers;170;Música y Conciertos
2019;Diciembre;Fernán Gómez;FG. the Mississippi Mass Choir;248;Música y Conciertos
2019;Julio;Madrid Destino;VV La Nuit Des Taupes;178;Cine y Audiovisual
2019;Agosto;Madrid Destino;Sin Eventos;0;Cultura General
2019;Septiembre;Madrid Destino;Sin Eventos;0;Cultura General
2019;Octubre;Madrid Destino;Sin Eventos;0;Cultura General
2019;Noviembre;Madrid Destino;TENT - Amor Extremo;63;Cultura General
2019;Noviembre;Madrid Destino;TENT - Extremismo;31;Cultura General
2019;Diciembre;Madrid Destino;Sin Eventos;0;Cultura General
2019;Julio;Naves Matadero;Family Project - Performance Ensayos De Santidad;8;Teatro y Escénicas
2019;Julio;Naves Matadero;Split Flow y Holistic Strata;189;Teatro y Escénicas
2019;Agosto;Naves Matadero;Sin Eventos;0;Cultura General
2019;Septiembre;Naves Matadero;El Cielo Era Más Claro en Aquellos Días;88;Teatro y Escénicas
2019;Septiembre;Naves Matadero;VR_I- Cie. Gilles Jobin & Artanim;23;Cultura General
2019;Octubre;Naves Matadero;Living Room Room - Fátima Miranda;48;Música y Conciertos
2019;Octubre;Naves Matadero;Man Rec - Amala Dianor;21;Teatro y Escénicas
2019;Octubre;Naves Matadero;Narcissister y Ashley Ferro-Murray;57;Cultura General
2019;Octubre;Naves Matadero;Nora Chipaumire y Jay Pather;57;Teatro y Escénicas
2019;Noviembre;Naves Matadero;Es Luna Llena en La Cicatriz;15;Teatro y Escénicas
2019;Diciembre;Naves Matadero;I Love Madrid _ José Ramón Hernández Suarez;72;Teatro y Escénicas
2019;Julio;Circo Price;Sin Eventos;0;Cultura General
2019;Agosto;Circo Price;Sin Eventos;0;Cultura General
2019;Septiembre;Circo Price;CHUFLA;283;Teatro y Escénicas
2019;Septiembre;Circo Price;Elektri(c)k;422;Teatro y Escénicas
2019;Octubre;Circo Price;FIRCO, Segundo Festival Iberoamericano De Circo;885;Infantil / Familiar
2019;Octubre;Circo Price;Le Vide - Essai De Cirque;147;Teatro y Escénicas
2019;Octubre;Circo Price;Yolo (You Only Live Once);202;Teatro y Escénicas
2019;Noviembre;Circo Price;Circo Price en Navidad;343;Infantil / Familiar
2019;Noviembre;Circo Price;CR - Áureo;118;Teatro y Escénicas
2019;Noviembre;Circo Price;CR - Orquesta De Malabares;102;Teatro y Escénicas
2019;Diciembre;Circo Price;Circo Price en Navidad;1428;Infantil / Familiar
2019;Julio;Teatro Español;Sin Eventos;0;Cultura General
2019;Agosto;Teatro Español;Sin Eventos;0;Cultura General
2019;Septiembre;Teatro Español;El Sirviente;577;Teatro y Escénicas
2019;Septiembre;Teatro Español;Lo Nunca Visto;150;Teatro y Escénicas
2019;Septiembre;Teatro Español;Zonas De Conflicto;133;Teatro y Escénicas
2019;Octubre;Teatro Español;¿quién Es El Sr. Schmitt?;1278;Teatro y Escénicas
2019;Octubre;Teatro Español;El Sirviente;1139;Teatro y Escénicas
2019;Octubre;Teatro Español;Juguetes Rotos;228;Teatro y Escénicas
2019;Octubre;Teatro Español;Lo Nunca Visto;200;Teatro y Escénicas
2019;Octubre;Teatro Español;Puse Mi Patria en El Vuelo;142;Teatro y Escénicas
2019;Noviembre;Teatro Español;¿quién Es El Sr. Schmitt?;347;Teatro y Escénicas
2019;Noviembre;Teatro Español;Beca y Eva Dicen Que Se Quieren;133;Teatro y Escénicas
2019;Noviembre;Teatro Español;Ecos;1218;Teatro y Escénicas
2019;Noviembre;Teatro Español;Juguetes Rotos;62;Teatro y Escénicas
2019;Noviembre;Teatro Español;La Espuma De Los Días;129;Teatro y Escénicas
2019;Diciembre;Teatro Español;Juana;1394;Teatro y Escénicas
2019;Diciembre;Teatro Español;La Espuma De Los Días;286;Teatro y Escénicas
2019;Diciembre;Teatro Español;Rebota, Rebota y en Tu Cara Explota;51;Teatro y Escénicas
2020;Enero;Cineteca;An Elephant Sitting Still;54;Cine y Audiovisual
2020;Enero;Cineteca;Another Year;30;Cine y Audiovisual
2020;Enero;Cineteca;Ask Dr. Ruth;58;Documental
2020;Enero;Cineteca;Blow-Up (Deseo De Una Mañana De Verano);60;Cine y Audiovisual
2020;Enero;Cineteca;Caché (Escondido);60;Cine y Audiovisual
2020;Enero;Cineteca;De La Fotografía Al Fotograma Street Scene;30;Cine y Audiovisual
2020;Enero;Cineteca;Derechos Del Hombre;32;Cine y Audiovisual
2020;Enero;Cineteca;El Coheredero / El Complejo De Dinero;10;Cine y Audiovisual
2020;Enero;Cineteca;El Fotógrafo Del Pánico;30;Cine y Audiovisual
2020;Enero;Cineteca;El Paraíso;14;Cine y Audiovisual
2020;Enero;Cineteca;Ema;54;Cine y Audiovisual
2020;Enero;Cineteca;Foco Shenge Zhu & Zhengfan Yang;17;Cine y Audiovisual
2020;Enero;Cineteca;Il Se Peut Que La Beauté Ait Renforcé Notre Résolution;16;Cine y Audiovisual
2020;Enero;Cineteca;Juan Rodrigáñez. La Troupe De Lo Imprevisto;9;Cine y Audiovisual
2020;Enero;Cineteca;Judy;54;Cine y Audiovisual
2020;Enero;Cineteca;La Conversación;30;Cine y Audiovisual
2020;Enero;Cineteca;La Muerte en Directo;56;Cine y Audiovisual
2020;Enero;Cineteca;La Ventana Indiscreta;54;Cine y Audiovisual
2020;Enero;Cineteca;Los Testigos De Putin;54;Documental
2020;Enero;Cineteca;M;54;Cine y Audiovisual
2020;Enero;Cineteca;Made in China;26;Cine y Audiovisual
2020;Enero;Cineteca;Manu Luksch;14;Cine y Audiovisual
2020;Enero;Cineteca;Out of Focus;25;Cine y Audiovisual
2020;Enero;Cineteca;Portrait D'une Paresseuse /Lunch Break /the Role of a Lifeti;24;Cine y Audiovisual
2020;Enero;Cineteca;Present. Perfect;24;Cine y Audiovisual
2020;Enero;Cineteca;Primeras Soledades;37;Cine y Audiovisual
2020;Enero;Cineteca;Reminiscences of a Journey to Lithuania/Makeshift (for Mekas;55;Cine y Audiovisual
2020;Enero;Cineteca;Russia from My Window;47;Cine y Audiovisual
2020;Enero;Cineteca;Sexo, Mentiras y Cintas De Vídeo;60;Cine y Audiovisual
2020;Enero;Cineteca;Spectres;14;Cine y Audiovisual
2020;Enero;Cineteca;Teorema Zero;24;Cine y Audiovisual
2020;Enero;Cineteca;The Image you Missed;42;Documental
2020;Enero;Cineteca;Viajando;30;Cine y Audiovisual
2020;Enero;Cineteca;Wanda;20;Cine y Audiovisual
2020;Enero;Cineteca;Where are you Going;22;Cine y Audiovisual
2020;Febrero;Cineteca;<3;54;Cine y Audiovisual
2020;Febrero;Cineteca;Arima;48;Cine y Audiovisual
2020;Febrero;Cineteca;Asako I & II;30;Cine y Audiovisual
2020;Febrero;Cineteca;Banda Aparte;42;Cine y Audiovisual
2020;Febrero;Cineteca;Cavernícola;15;Cine y Audiovisual
2020;Febrero;Cineteca;Chris El Suizo;44;Cine y Audiovisual
2020;Febrero;Cineteca;Creature Comforts. Shaun the Sheep. Morph;16;Cine y Audiovisual
2020;Febrero;Cineteca;Crónica De Un Verano/Les Veuves De Quinze Ans/Los Que Desean;30;Cine y Audiovisual
2020;Febrero;Cineteca;Dear Etranger;14;Cine y Audiovisual
2020;Febrero;Cineteca;Demasiado Pantalla Friend: Ponme Un Kilo De Eso;19;Cine y Audiovisual
2020;Febrero;Cineteca;Drowning Love;30;Cine y Audiovisual
2020;Febrero;Cineteca;Early Shorts (Los Años 80);7;Cine y Audiovisual
2020;Febrero;Cineteca;El Viaje De Takara;38;Cine y Audiovisual
2020;Febrero;Cineteca;Embriagado De Amor;30;Cine y Audiovisual
2020;Febrero;Cineteca;En Corto... Es Más Íntimo;46;Cine y Audiovisual
2020;Febrero;Cineteca;Encuesta Sobre El Amor;21;Cine y Audiovisual
2020;Febrero;Cineteca;Her Love Boils Bathwater;52;Cine y Audiovisual
2020;Febrero;Cineteca;La Asfixia;66;Cine y Audiovisual
2020;Febrero;Cineteca;La Femme De Mon Frère;14;Cine y Audiovisual
2020;Febrero;Cineteca;La Guerra De Los Rose;21;Cine y Audiovisual
2020;Febrero;Cineteca;La Loba Parda;8;Cine y Audiovisual
2020;Febrero;Cineteca;Les Proies;25;Cine y Audiovisual
2020;Febrero;Cineteca;Los Asesinos De La Luna De Miel;25;Cine y Audiovisual
2020;Febrero;Cineteca;Los Puentes De Madison;51;Cine y Audiovisual
2020;Febrero;Cineteca;Masterclass Con Peter Lord;54;Cultura General
2020;Febrero;Cineteca;Monos;29;Cine y Audiovisual
2020;Febrero;Cineteca;My Nudity Means Nothing;51;Cine y Audiovisual
2020;Febrero;Cineteca;No Sex Last Night;58;Cine y Audiovisual
2020;Febrero;Cineteca;Paso Al Límite;14;Cine y Audiovisual
2020;Febrero;Cineteca;Respirar Correr Mirar + Mursego;13;Cine y Audiovisual
2020;Febrero;Cineteca;Shorts (1990/2015);22;Cine y Audiovisual
2020;Febrero;Cineteca;Slapstick & Iconoclastas;30;Cine y Audiovisual
2020;Febrero;Cineteca;Soy Un Cyborg;18;Cine y Audiovisual
2020;Febrero;Cineteca;The Tokio Night Sky is Always the Densest Shade of Blue;52;Cine y Audiovisual
2020;Febrero;Cineteca;Three Stories of Love;14;Cine y Audiovisual
2020;Febrero;Cineteca;Une Colonie;14;Cine y Audiovisual
2020;Febrero;Cineteca;Wallace & Gromit;55;Cine y Audiovisual
2020;Febrero;Cineteca;Y Llovieron Pájaros;16;Cine y Audiovisual
2020;Febrero;Cineteca;Yo Maté a Mi Madre;49;Cine y Audiovisual
2020;Marzo;Cineteca;Amanece Que No Es Poco;30;Cine y Audiovisual
2020;Marzo;Cineteca;Antología De Un Pueblo Fantasma;42;Cine y Audiovisual
2020;Marzo;Cineteca;Cachada;0;Documental
2020;Marzo;Cineteca;Carcasses;11;Documental
2020;Marzo;Cineteca;Curling;0;Cine y Audiovisual
2020;Marzo;Cineteca;Don't Cry Pretty Girls;0;Cine y Audiovisual
2020;Marzo;Cineteca;La Flor  (3ª Parte);0;Cine y Audiovisual
2020;Marzo;Cineteca;La Flor (1ª Parte);0;Cine y Audiovisual
2020;Marzo;Cineteca;La Flor (2ª Parte);0;Cine y Audiovisual
2020;Marzo;Cineteca;La Lengua De Las Mariposas;53;Cine y Audiovisual
2020;Marzo;Cineteca;Les Ètats Nordiques;14;Cine y Audiovisual
2020;Marzo;Cineteca;Pares y Nones;28;Cine y Audiovisual
2020;Abril;Cineteca;Sin Eventos;0;Cultura General
2020;Mayo;Cineteca;Sin Eventos;0;Cultura General
2020;Junio;Cineteca;Sin Eventos;0;Cultura General
2020;Enero;Conde Duque;Dureé D'exposition (Tiempo De Exposición);103;Cine y Audiovisual
2020;Enero;Conde Duque;Poesía o Barbarie;56;Literatura y Poesía
2020;Enero;Conde Duque;SCD Carla Dal Forno;83;Música y Conciertos
2020;Enero;Conde Duque;SCD Pere Ubu;83;Música y Conciertos
2020;Enero;Conde Duque;SCD Sam Amidon;83;Música y Conciertos
2020;Febrero;Conde Duque;DU20 - Javier Cansado y Ernesto Rodríguez Abad;110;Cultura General
2020;Febrero;Conde Duque;DU20 - Joaquín Reyes y Jaime Vallaure;126;Cultura General
2020;Febrero;Conde Duque;DU20 - Quequé y Grumelot;112;Cultura General
2020;Febrero;Conde Duque;MACHO. Crónicas De Identidad Perdida;115;Teatro y Escénicas
2020;Febrero;Conde Duque;Muestras Mentorías Grumelot;101;Cultura General
2020;Febrero;Conde Duque;Poesía o Barbarie;56;Literatura y Poesía
2020;Febrero;Conde Duque;SCD - Lafawndah;76;Música y Conciertos
2020;Febrero;Conde Duque;SCD - Nova Materia + Asunción;76;Música y Conciertos
2020;Febrero;Conde Duque;SCD - Za! +  Seward + Los Sara Fontán;55;Música y Conciertos
2020;Marzo;Conde Duque;DU20 - Ignatius y Poliana Lima;0;Cultura General
2020;Marzo;Conde Duque;La Chica Que Soñaba;112;Teatro y Escénicas
2020;Marzo;Conde Duque;Poesía o Barbarie;56;Literatura y Poesía
2020;Marzo;Conde Duque;SCD - Charlotte Dos Santos;0;Música y Conciertos
2020;Marzo;Conde Duque;SCD - Craig Leon & Cassell Webb;57;Música y Conciertos
2020;Marzo;Conde Duque;SCD - Moon Duo Presentan the Lightship;0;Música y Conciertos
2020;Abril;Conde Duque;Sin Eventos;0;Cultura General
2020;Mayo;Conde Duque;Sin Eventos;0;Cultura General
2020;Junio;Conde Duque;Sin Eventos;0;Cultura General
2020;Septiembre;Conde Duque;Cine - The Woman Who Ran;29;Cine y Audiovisual
2020;Septiembre;Conde Duque;Música - Instituto Stocos “^piano & Dancer”;25;Música y Conciertos
2020;Septiembre;Conde Duque;Música - OVERture;25;Música y Conciertos
2020;Septiembre;Conde Duque;Música - Trío Zukan “comunik2”;25;Música y Conciertos
2020;Septiembre;Conde Duque;Teatro - Psychodrama;50;Teatro y Escénicas
2020;Octubre;Conde Duque;Cine - De Nuevo Otra Vez;0;Cine y Audiovisual
2020;Octubre;Conde Duque;Cine - Le Sel Des Larmes;30;Cine y Audiovisual
2020;Octubre;Conde Duque;Cine - Meseta;30;Cine y Audiovisual
2020;Octubre;Conde Duque;Cine - Una Historia Para Los Modlin + My Mexican Bretzel;30;Cine y Audiovisual
2020;Octubre;Conde Duque;Música - Mastretta;24;Música y Conciertos
2020;Octubre;Conde Duque;Música - Raül Refree;23;Música y Conciertos
2020;Octubre;Conde Duque;Música - Sara Correia;24;Música y Conciertos
2020;Octubre;Conde Duque;Teatro - Duólogo De Los Cuerpos Armoniosos;44;Teatro y Escénicas
2020;Octubre;Conde Duque;Teatro - Duólogos | Duólogo Del Celuloide;44;Duólogo
2020;Octubre;Conde Duque;Teatro - La Otra Escena;44;Teatro y Escénicas
2020;Octubre;Conde Duque;Actividades - La Chica Que Soñaba;38;Cultura General
2020;Octubre;Conde Duque;Teatro - Tálamo;26;Teatro y Escénicas
2020;Noviembre;Conde Duque;Actividades - Poem Room;24;Literatura y Poesía
2020;Noviembre;Conde Duque;Cine - Asaltar Los Cielos;25;Cine y Audiovisual
2020;Noviembre;Conde Duque;Cine - De Nuevo Otra Vez;27;Cine y Audiovisual
2020;Noviembre;Conde Duque;Cine - Navajeros;29;Cine y Audiovisual
2020;Noviembre;Conde Duque;Dear Werner (Walking on Cinema);26;Cine y Audiovisual
2020;Noviembre;Conde Duque;Música - Agua Brotando De Una Piedra Negra;25;Música y Conciertos
2020;Noviembre;Conde Duque;Música - Belén Martín Quintet;25;Música y Conciertos
2020;Noviembre;Conde Duque;Música - Javier Moreno & Quinteto Capital;2;Música y Conciertos
2020;Noviembre;Conde Duque;Música - La Resistencia Jazz Ensemble;1;Música y Conciertos
2020;Noviembre;Conde Duque;Teatro - The Mountain;47;Teatro y Escénicas
2020;Noviembre;Conde Duque;Teatro - Tiburón;40;Teatro y Escénicas
2020;Noviembre;Conde Duque;Teatro -Sonoma;43;Teatro y Escénicas
2020;Diciembre;Conde Duque;Certamen Coreográfico De Madrid;63;Teatro y Escénicas
2020;Diciembre;Conde Duque;Cine - 27 Horas;35;Cine y Audiovisual
2020;Diciembre;Conde Duque;Cine - Mamá, Mamá, Mamá;38;Cine y Audiovisual
2020;Diciembre;Conde Duque;Cine - Port Authority;0;Cine y Audiovisual
2020;Diciembre;Conde Duque;Música - Sara Socas;0;Música y Conciertos
2020;Diciembre;Conde Duque;Música - Wesphere;21;Música y Conciertos
2020;Diciembre;Conde Duque;Teatro - Lo Sostenido 5.4;60;Teatro y Escénicas
2020;Enero;Fernán Gómez;Drácula, Biografía No Autorizada;1290;Teatro y Escénicas
2020;Enero;Fernán Gómez;EL HOMBRE Y EL LIENZO;372;Teatro y Escénicas
2020;Enero;Fernán Gómez;F.M. HOME;46;Teatro y Escénicas
2020;Febrero;Fernán Gómez;Cenizas De Fénix. Los Martes, Milagro;30;Teatro y Escénicas
2020;Febrero;Fernán Gómez;Drácula, Biografía No Autorizada;277;Teatro y Escénicas
2020;Febrero;Fernán Gómez;REY LEAR;1025;Teatro y Escénicas
2020;Febrero;Fernán Gómez;WASTED;407;Teatro y Escénicas
2020;Marzo;Fernán Gómez;Dani Orviz & Ual.la. Poética Contemporánea.;37;Literatura y Poesía
2020;Marzo;Fernán Gómez;El Otro;108;Teatro y Escénicas
2020;Marzo;Fernán Gómez;FNU-CA. Cashalada: DivinAberración;37;Música y Conciertos
2020;Marzo;Fernán Gómez;FNU-CA. M. Ramos y J. Zelada: Cantar Las 40;37;Música y Conciertos
2020;Marzo;Fernán Gómez;FNU-CA. Sil De Castro: Mazodiva;37;Cultura General
2020;Marzo;Fernán Gómez;Hoy Puede Ser Mi Gran Noche;0;Teatro y Escénicas
2020;Abril;Fernán Gómez;Sin Eventos;0;Cultura General
2020;Mayo;Fernán Gómez;Sin Eventos;0;Cultura General
2020;Junio;Fernán Gómez;Sin Eventos;0;Cultura General
2020;Octubre;Fernán Gómez;Ana, También a Nosotros Nos Llevará El Olvido;150;Teatro y Escénicas
2020;Octubre;Fernán Gómez;Bien Está Que Fuera Tu Tierra, Galdós;180;Teatro y Escénicas
2020;Octubre;Fernán Gómez;MEM/ FF/ Mayte Martín;80;Música y Conciertos
2020;Octubre;Fernán Gómez;MEM/ FMI/ Rodrigo Cuevas;23;Música y Conciertos
2020;Octubre;Fernán Gómez;Noche De Difuntos;150;Teatro y Escénicas
2020;Octubre;Fernán Gómez;Ternura Negra;300;Teatro y Escénicas
2020;Noviembre;Fernán Gómez;Bien Está Que Fuera Tu Tierra, Galdós;320;Teatro y Escénicas
2020;Noviembre;Fernán Gómez;FJ/ Caminero Quintet;2;Música y Conciertos
2020;Noviembre;Fernán Gómez;FJ/ Daniel García Trío;80;Música y Conciertos
2020;Noviembre;Fernán Gómez;FJ/ Dorantes;80;Música y Conciertos
2020;Noviembre;Fernán Gómez;FJ/ Enriquito;80;Música y Conciertos
2020;Noviembre;Fernán Gómez;FJ/ Ernesto Aurignac Ensemble;80;Música y Conciertos
2020;Noviembre;Fernán Gómez;FJ/ Iñaki Salvador y Chris Kase;80;Música y Conciertos
2020;Noviembre;Fernán Gómez;FJ/ Javier Colina y Lockdown Band;2;Música y Conciertos
2020;Noviembre;Fernán Gómez;FJ/ Marcin Masecki;80;Música y Conciertos
2020;Noviembre;Fernán Gómez;FJ/ Mariola Membrives Guitar Band;80;Música y Conciertos
2020;Noviembre;Fernán Gómez;FJ/ Suso Sáiz;80;Música y Conciertos
2020;Noviembre;Fernán Gómez;MEM/ FF/ Antonio Reyes;80;Música y Conciertos
2020;Noviembre;Fernán Gómez;"MEM/ FF/  Vicente Soto ""Sordera"" y Luis Moneo";0;Música y Conciertos
2020;Noviembre;Fernán Gómez;"FJ/ Teatro De La Reunión "" Escenas Del Jazz""";80;Teatro y Escénicas
2020;Noviembre;Fernán Gómez;MEM/ FMI/ SES;80;Música y Conciertos
2020;Diciembre;Fernán Gómez;CPC/ Ajo & Nacho Mastretta - Eduard Escoffet;20;Literatura y Poesía
2020;Diciembre;Fernán Gómez;CPC/ María Eloy-García / Deborah Vukusik;20;Literatura y Poesía
2020;Diciembre;Fernán Gómez;CPC/ Rrucculla / Pere Saizprez;20;Literatura y Poesía
2020;Diciembre;Fernán Gómez;DÉJÀ-VU;55;Teatro y Escénicas
2020;Diciembre;Fernán Gómez;MD/ Estrella;55;Infantil / Familiar
2020;Diciembre;Fernán Gómez;MD/ La Principita;109;Infantil / Familiar
2020;Diciembre;Fernán Gómez;29 Certamen Coreografía De Danza Española y Flamenco;55;Teatro y Escénicas
2020;Diciembre;Fernán Gómez;MD/ Uniko;15;Infantil / Familiar
2020;Diciembre;Fernán Gómez;MEM/ FF/  L/ Peña, J/ Heredia, J/ Carrasco, El Pañero y El P;80;Música y Conciertos
2020;Diciembre;Fernán Gómez;MEM/ FF/  La Tremendita;80;Música y Conciertos
2020;Diciembre;Fernán Gómez;MEM/ FF/ Ana Morales;80;Música y Conciertos
2020;Diciembre;Fernán Gómez;MEM/ FF/ Carrete De Málaga;80;Música y Conciertos
2020;Diciembre;Fernán Gómez;MEM/ FF/ Pastora Galván;80;Música y Conciertos
2020;Diciembre;Fernán Gómez;MEM/ FMI/ Delafé;80;Música y Conciertos
2020;Diciembre;Fernán Gómez;MEM/ FMI/ Fetén Fetén y Javier Ruibal;80;Música y Conciertos
2020;Diciembre;Fernán Gómez;MEM/ FMI/ Joana Serrat;80;Música y Conciertos
2020;Enero;Naves Español en Matadero;Empire_Milo Rau;192;Teatro y Escénicas
2020;Enero;Naves Español en Matadero;Mars II_Karl Van Welden;24;Teatro y Escénicas
2020;Febrero;Naves Español en Matadero;Le Scorpion (2002) De Martin Matalon;58;Música y Conciertos
2020;Febrero;Naves Español en Matadero;PS / Wam_Rodrigo García;23;Teatro y Escénicas
2020;Marzo;Naves Español en Matadero;Big Bears Cry too_Miet Warlop;0;Teatro y Escénicas
2020;Marzo;Naves Español en Matadero;La Realidad;0;Teatro y Escénicas
2020;Marzo;Naves Español en Matadero;Three Tales_ Beryl Korot y Steve Reich;172;Música y Conciertos
2020;Abril;Naves Español en Matadero;Sin Eventos;0;Cultura General
2020;Mayo;Naves Español en Matadero;Sin Eventos;0;Cultura General
2020;Junio;Naves Español en Matadero;Sin Eventos;0;Cultura General
2020;Septiembre;Naves Español en Matadero;As One;156;Teatro y Escénicas
2020;Septiembre;Naves Español en Matadero;Dosis De Paraíso;74;Teatro y Escénicas
2020;Septiembre;Naves Español en Matadero;Fariña;363;Teatro y Escénicas
2020;Octubre;Naves Español en Matadero;Fariña;169;Teatro y Escénicas
2020;Octubre;Naves Español en Matadero;As One;82;Teatro y Escénicas
2020;Octubre;Naves Español en Matadero;Las Criadas;419;Teatro y Escénicas
2020;Octubre;Naves Español en Matadero;Pedro Páramo;448;Teatro y Escénicas
2020;Octubre;Naves Español en Matadero;Sufrida Calo;26;Teatro y Escénicas
2020;Noviembre;Naves Español en Matadero;Instrucciones Para Mejorar La Vida;66;Teatro y Escénicas
2020;Noviembre;Naves Español en Matadero;La Melancolía Del Turista;2;Teatro y Escénicas
2020;Noviembre;Naves Español en Matadero;Las Criadas;17;Teatro y Escénicas
2020;Noviembre;Naves Español en Matadero;NAVES 2020 - Juana Inés;190;Teatro y Escénicas
2020;Noviembre;Naves Español en Matadero;Pedro Páramo;224;Teatro y Escénicas
2020;Diciembre;Naves Español en Matadero;BEETHOVEN#PARAELISA;290;Música y Conciertos
2020;Diciembre;Naves Español en Matadero;El Salto De Darwin;240;Teatro y Escénicas
2020;Diciembre;Naves Español en Matadero;J' Attendrai;90;Teatro y Escénicas
2020;Diciembre;Naves Español en Matadero;Sufrida Calo;10;Teatro y Escénicas
2020;Enero;Circo Price;Circo Price en Navidad;90;Infantil / Familiar
2020;Febrero;Circo Price;FM20 - El Violín Mágico De Juan Tamariz;236;Infantil / Familiar
2020;Febrero;Circo Price;FM20 - Gala Internacional De Magia en Escena;1503;Infantil / Familiar
2020;Febrero;Circo Price;FM20 - Juan Esteban Varela: Crear El Asombro;11;Infantil / Familiar
2020;Febrero;Circo Price;FM20 - Magia De Cerca;41;Infantil / Familiar
2020;Febrero;Circo Price;FM20 - Magia en La Oscuridad;33;Infantil / Familiar
2020;Febrero;Circo Price;FM20 - Mike Caveney: Historia De La Magia en Los Inicios Del;11;Cultura General
2020;Marzo;Circo Price;FM20 - Gala Internacional De Magia en Escena;285;Infantil / Familiar
2020;Marzo;Circo Price;FM20 - Nacho Ares:  El Ilusionismo en La Historia Del Arte;11;Cultura General
2020;Abril;Circo Price;Sin Eventos;0;Cultura General
2020;Mayo;Circo Price;Sin Eventos;0;Cultura General
2020;Junio;Circo Price;Sin Eventos;0;Cultura General
2020;Septiembre;Circo Price;CRECE_ Alejandra;198;Teatro y Escénicas
2020;Septiembre;Circo Price;Fling;83;Teatro y Escénicas
2020;Septiembre;Circo Price;Gran Reserva;58;Teatro y Escénicas
2020;Septiembre;Circo Price;Suspensión;57;Teatro y Escénicas
2020;Octubre;Circo Price;1970 Sombreros;720;Teatro y Escénicas
2020;Octubre;Circo Price;Gran Reserva;56;Teatro y Escénicas
2020;Noviembre;Circo Price;Circo Price en Navidad. El Retorno De Cometa;182;Infantil / Familiar
2020;Diciembre;Circo Price;Circo Price en Navidad. El Retorno De Cometa;973;Infantil / Familiar
2020;Enero;Teatro Español;Atentado;229;Teatro y Escénicas
2020;Enero;Teatro Español;Prostitución;1146;Teatro y Escénicas
2020;Enero;Teatro Español;Rebota, Rebota y en Tu Cara Explota;52;Teatro y Escénicas
2020;Febrero;Teatro Español;Atentado;208;Teatro y Escénicas
2020;Febrero;Teatro Español;Españolas, Franco Ha Muerto;32;Teatro y Escénicas
2020;Febrero;Teatro Español;JZE - Joan Saldaña Quintet;25;Música y Conciertos
2020;Febrero;Teatro Español;JZE - Naíma Acuña Trío;25;Música y Conciertos
2020;Febrero;Teatro Español;JZE - Noa Lur;25;Música y Conciertos
2020;Febrero;Teatro Español;JZE - Rodrigo Ballesteros;25;Música y Conciertos
2020;Febrero;Teatro Español;Poings;10;Teatro y Escénicas
2020;Febrero;Teatro Español;Prostitución;580;Teatro y Escénicas
2020;Marzo;Teatro Español;Diálogo Del Amargo;326;Teatro y Escénicas
2020;Marzo;Teatro Español;Españolas, Franco Ha Muerto;40;Teatro y Escénicas
2020;Abril;Teatro Español;Sin Eventos;0;Cultura General
2020;Mayo;Teatro Español;Sin Eventos;0;Cultura General
2020;Junio;Teatro Español;Sin Eventos;0;Cultura General
2020;Septiembre;Teatro Español;Con Lo Bien Que Estábamos (Ferretería Estéban);1412;Teatro y Escénicas
2020;Septiembre;Teatro Español;Contarlo Para No Olvidar;228;Teatro y Escénicas
2020;Octubre;Teatro Español;Ambiente Familiar;224;Infantil / Familiar
2020;Octubre;Teatro Español;Con Lo Bien Que Estábamos (Ferretería Estéban);203;Teatro y Escénicas
2020;Octubre;Teatro Español;Contarlo Para No Olvidar;36;Teatro y Escénicas
2020;Octubre;Teatro Español;Mujercitas (en Palabras De Jo...);741;Teatro y Escénicas
2020;Noviembre;Teatro Español;Mujercitas (en Palabras De Jo...);308;Teatro y Escénicas
2020;Noviembre;Teatro Español;CG - Alma y Vida;54;Teatro y Escénicas
2020;Noviembre;Teatro Español;CG - Bárbara;54;Teatro y Escénicas
2020;Noviembre;Teatro Español;CG - Casandra;18;Teatro y Escénicas
2020;Noviembre;Teatro Español;CG - Celia en Los Infiernos;33;Teatro y Escénicas
2020;Noviembre;Teatro Español;CG - El Abuelo;20;Teatro y Escénicas
2020;Noviembre;Teatro Español;CG - Electra;18;Teatro y Escénicas
2020;Noviembre;Teatro Español;CG - Voluntad;54;Teatro y Escénicas
2020;Noviembre;Teatro Español;Galdós: Sombra y Realidad;650;Teatro y Escénicas
2020;Diciembre;Teatro Español;El Beso;72;Teatro y Escénicas
2020;Diciembre;Teatro Español;Galdós: Sombra y Realidad;611;Teatro y Escénicas
2020;Diciembre;Teatro Español;Los Asquerosos;444;Teatro y Escénicas
2021;Enero;Conde Duque;Cine - El País De Las Maravillas - Le Meraviglie;0;Cine y Audiovisual
2021;Enero;Conde Duque;Cine - Fukuoka;27;Cine y Audiovisual
2021;Enero;Conde Duque;Cine - Los Jóvenes Del Barrio + Aquells Joves;25;Cine y Audiovisual
2021;Enero;Conde Duque;Música - Amorante;19;Música y Conciertos
2021;Enero;Conde Duque;Música - Jansky;0;Música y Conciertos
2021;Enero;Conde Duque;Teatro - Hasier Larretxea “caminos De Retorno”;0;Teatro y Escénicas
2021;Enero;Fernán Gómez;CTyDH. ...and Breathe Normally;20;Documental
2021;Enero;Fernán Gómez;CTyDH. Cadena De Montaje;0;Documental
2021;Enero;Fernán Gómez;Cine - Damsels in Distress;60;Cine y Audiovisual
2021;Enero;Fernán Gómez;Cine - Lemebel;0;Documental
2021;Enero;Fernán Gómez;Cine - Perfect Blue;252;Cine y Audiovisual
2021;Enero;Naves Español en Matadero;El Salto De Darwin;121;Teatro y Escénicas
2021;Enero;Naves Español en Matadero;Marat ~ Sade;347;Teatro y Escénicas
2021;Enero;Naves Español en Matadero;Siempreviva;0;Teatro y Escénicas
2021;Enero;Circo Price;Circo Price en Navidad. El Retorno De Cometa;17;Infantil / Familiar
2021;Enero;Teatro Español;El Caballero Incierto;78;Teatro y Escénicas
2021;Enero;Teatro Español;Los Asquerosos;463;Teatro y Escénicas
2021;Enero;Teatro Español;Mariana Pineda;210;Teatro y Escénicas
2021;Febrero;Cineteca;FARGO;2;Cine y Audiovisual
2021;Febrero;Cineteca;LA RECONQUISTA;1;Cine y Audiovisual
2021;Febrero;Cineteca;LA REINA DE LAS NIEVES;1;Infantil / Familiar
2021;Febrero;Conde Duque;Cine - 7 Vírgenes;14;Cine y Audiovisual
2021;Febrero;Conde Duque;Cine - El Desencanto;14;Cine y Audiovisual
2021;Febrero;Conde Duque;Cine - Personal Shopper;14;Cine y Audiovisual
2021;Febrero;Conde Duque;Música - Mercedes Peón;14;Música y Conciertos
2021;Febrero;Conde Duque;Teatro - Hasier Larretxea “caminos De Retorno”;19;Teatro y Escénicas
2021;Febrero;Fernán Gómez;Música - Músicas Memorables;30;Música y Conciertos
2021;Febrero;Fernán Gómez;Música - Pongo;32;Música y Conciertos
2021;Febrero;Fernán Gómez;Teatro - Acciones Sencillas;72;Teatro y Escénicas
2021;Febrero;Fernán Gómez;Teatro - Antonio y Cleopatra;360;Teatro y Escénicas
2021;Febrero;Naves Español en Matadero;Marat ~ Sade;401;Teatro y Escénicas
2021;Febrero;Naves Español en Matadero;Siempreviva;175;Teatro y Escénicas
2021;Febrero;Naves Español en Matadero;Tórtola;175;Teatro y Escénicas
2021;Febrero;Circo Price;FM21 - Conferencias Mágicas;5;Infantil / Familiar
2021;Febrero;Circo Price;FM21 - Gala Internacional De Magia en Escena;189;Infantil / Familiar
2021;Febrero;Circo Price;FM21 - Magia De Cerca;56;Infantil / Familiar
2021;Febrero;Teatro Español;El Caballero Incierto;42;Teatro y Escénicas
2021;Febrero;Teatro Español;Mariana Pineda;272;Teatro y Escénicas
2021;Febrero;Teatro Español;Nápoles Millonaria;180;Teatro y Escénicas
2021;Febrero;Teatro Español;Siveria;102;Cine y Audiovisual
2021;Marzo;Cineteca;CIMA en CORTO: CORTOS DE GOYA (I);4;Cine y Audiovisual
2021;Marzo;Cineteca;CINE CITA;1;Cine y Audiovisual
2021;Marzo;Cineteca;DARDARA;1;Cine y Audiovisual
2021;Marzo;Cineteca;EL AGENTE TOPO;3;Documental
2021;Marzo;Cineteca;EL DECAMERÓN;2;Cine y Audiovisual
2021;Marzo;Cineteca;EL EVANGELIO SEGÚN SAN MATEO;1;Cine y Audiovisual
2021;Marzo;Cineteca;EL PROYECTO ZAVATTINI: AMOR en LA CIUDAD;3;Cine y Audiovisual
2021;Marzo;Cineteca;ENCUESTA SOBRE EL AMOR;4;Cine y Audiovisual
2021;Marzo;Cineteca;FEMENINO PLURAL;1;Cine y Audiovisual
2021;Marzo;Cineteca;LA MAMI;1;Documental
2021;Marzo;Cineteca;LA ÚLTIMA PRIMAVERA;1;Cine y Audiovisual
2021;Marzo;Cineteca;LAS MIL Y UNA NOCHES;2;Cine y Audiovisual
2021;Marzo;Cineteca;LOS INOCENTES;9;Cine y Audiovisual
2021;Marzo;Cineteca;NEWS from HOME;4;Cine y Audiovisual
2021;Marzo;Cineteca;PASOLINI;2;Cine y Audiovisual
2021;Marzo;Cineteca;POUR VIVRE HEUREUX;2;Cine y Audiovisual
2021;Marzo;Cineteca;QUI JE SUIS;2;Cine y Audiovisual
2021;Marzo;Cineteca;SESIÓN 1: UNA REALIDAD VUELTA EXPERIMENTO;2;Cine y Audiovisual
2021;Marzo;Cineteca;THEY SAY NOTHING STAYS the SAME;1;Cine y Audiovisual
2021;Marzo;Cineteca;TRAIDORES;4;Cine y Audiovisual
2021;Marzo;Cineteca;UN EFECTO ÓPTICO;1;Cine y Audiovisual
2021;Marzo;Cineteca;UNA REVUELTA SIN IMÁGENES / CAPERUCITA ROJA;2;Cine y Audiovisual
2021;Marzo;Cineteca;VISIÓN NOCTURNA;1;Cine y Audiovisual
2021;Marzo;Conde Duque;Cine - El País De Las Maravillas - Le Meraviglie;26;Cine y Audiovisual
2021;Marzo;Conde Duque;Cine - El Pico;21;Cine y Audiovisual
2021;Marzo;Conde Duque;Cine - The Ballad of the Genesis and Lady Jaye;27;Cine y Audiovisual
2021;Marzo;Conde Duque;Teatro - Silencio;81;Teatro y Escénicas
2021;Marzo;Fernán Gómez;Teatro - Teatro Amazonas;678;Teatro y Escénicas
2021;Marzo;Fernán Gómez;El Pájaro Azul;95;Teatro y Escénicas
2021;Marzo;Fernán Gómez;Música y Mal;49;Teatro y Escénicas
2021;Marzo;Naves Español en Matadero;Antígona;75;Teatro y Escénicas
2021;Marzo;Naves Español en Matadero;Curva España;144;Teatro y Escénicas
2021;Marzo;Naves Español en Matadero;El Zurdo - Anïmales Mixtøs;2;Música y Conciertos
2021;Marzo;Naves Español en Matadero;Prostitución;135;Teatro y Escénicas
2021;Marzo;Naves Español en Matadero;Raphäelle;50;Música y Conciertos
2021;Marzo;Naves Español en Matadero;Raquel Pérez - Anïmales Mixtøs;3;Música y Conciertos
2021;Marzo;Naves Español en Matadero;Tórtola;150;Teatro y Escénicas
2021;Marzo;Naves Español en Matadero;Verónica Ronda  - Anïmales Mixtøs;5;Música y Conciertos
2021;Marzo;Circo Price;Estat D’emergència;125;Teatro y Escénicas
2021;Marzo;Circo Price;FM21 - Conferencias Mágicas;5;Infantil / Familiar
2021;Marzo;Circo Price;FM21 - Gala Internacional De Magia en Escena;536;Infantil / Familiar
2021;Marzo;Teatro Español;Ira;62;Teatro y Escénicas
2021;Marzo;Teatro Español;La Señorita Doña Margarita;157;Teatro y Escénicas
2021;Marzo;Teatro Español;Nápoles Millonaria;836;Teatro y Escénicas
2021;Abril;Cineteca;AND YOUR BIRD CAN SING;3;Cine y Audiovisual
2021;Abril;Cineteca;BEANS;2;Cine y Audiovisual
2021;Abril;Cineteca;CHARULATA. LA ESPOSA SOLITARIA;3;Cine y Audiovisual
2021;Abril;Cineteca;CIMA en CORTO: CORTOS DE GOYA (II);2;Cine y Audiovisual
2021;Abril;Cineteca;EL AÑO DEL DESCUBRIMIENTO;3;Cine y Audiovisual
2021;Abril;Cineteca;EL CINÉFILO en EL BANQUILLO: PRESENTE Y FUTURO DE LA CINEFILIA [conversación Con Vicente Monroy];5;Cultura General
2021;Abril;Cineteca;FLÂNERIES;1;Cine y Audiovisual
2021;Abril;Cineteca;IRMA VEP;13;Cine y Audiovisual
2021;Abril;Cineteca;LA FLOR (PRIMERA PARTE);1;Cine y Audiovisual
2021;Abril;Cineteca;LA ÚLTIMA PRIMAVERA;14;Cine y Audiovisual
2021;Abril;Cineteca;MARTIN ARNOLD: CINEFILIA FRACTURADA;3;Cultura General
2021;Abril;Cineteca;MON CIRQUE À MOI;2;Cine y Audiovisual
2021;Abril;Cineteca;NACIÓN;1;Cine y Audiovisual
2021;Abril;Cineteca;NÚMERO DOS;10;Cine y Audiovisual
2021;Abril;Cineteca;PATXI / BIENVENIDO MR. HESTON;2;Cine y Audiovisual
2021;Abril;Cineteca;PÓLVORA en EL CORAZÓN;3;Cine y Audiovisual
2021;Abril;Cineteca;RESTLESS RIVER;1;Cine y Audiovisual
2021;Abril;Cineteca;SIBERIA;14;Cine y Audiovisual
2021;Abril;Cineteca;THE DISASTER ARTIST;6;Cine y Audiovisual
2021;Abril;Cineteca;THE EMBARGO PROJECT;2;Cine y Audiovisual
2021;Abril;Cineteca;THE LAST MOVIE;3;Cine y Audiovisual
2021;Abril;Cineteca;TU TE SOUVIENDRAS DE MOI;2;Cine y Audiovisual
2021;Abril;Cineteca;WELCOME to the USA;1;Cine y Audiovisual
2021;Abril;Conde Duque;#solidaridanza. InterDID 2021;27;Teatro y Escénicas
2021;Abril;Conde Duque;Cine - Coherence;28;Cine y Audiovisual
2021;Abril;Conde Duque;Cine - El Charro De Toluquilla;29;Cine y Audiovisual
2021;Abril;Conde Duque;Cine - Julia y El Zorro;24;Cine y Audiovisual
2021;Abril;Conde Duque;Cine - The First Lap;24;Cine y Audiovisual
2021;Abril;Conde Duque;Manolo Kabezabolo;2;Música y Conciertos
2021;Abril;Conde Duque;Música - Book Jockey. El Lago Hierve. Las Olas Mugen;24;Música y Conciertos
2021;Abril;Conde Duque;Teatro - Arriba;46;Teatro y Escénicas
2021;Abril;Fernán Gómez;30 Certamen Coreográfico De Flamenco y Danza Española;100;Teatro y Escénicas
2021;Abril;Fernán Gómez;Cadena De Montaje;20;Documental
2021;Abril;Fernán Gómez;FDV. Kukai Dantza;34;Teatro y Escénicas
2021;Abril;Fernán Gómez;FDV. Sara Cano Compañía De Danza;56;Teatro y Escénicas
2021;Abril;Fernán Gómez;FDV. Tirititran Danza – Teatro (Amaya Jiménez);19;Teatro y Escénicas
2021;Abril;Fernán Gómez;Final 30 Certamen Coreográfico De Flamenco y Danza Española;48;Teatro y Escénicas
2021;Abril;Fernán Gómez;FMAM. Academia 1750;56;Música y Conciertos
2021;Abril;Fernán Gómez;FMAM. Ars Longa De La Habana;56;Música y Conciertos
2021;Abril;Fernán Gómez;FMAM. Forma Antiqua;56;Música y Conciertos
2021;Abril;Fernán Gómez;FMAM. P. Viyuela, A. Lázaro y M. A. Saturno;56;Música y Conciertos
2021;Abril;Fernán Gómez;FMAM. Windu;56;Música y Conciertos
2021;Abril;Fernán Gómez;Música y Mal;77;Teatro y Escénicas
2021;Abril;Naves Español en Matadero;Antígona;295;Teatro y Escénicas
2021;Abril;Naves Español en Matadero;Cristina & Los Gloria - Anïmales Mixtøs;5;Música y Conciertos
2021;Abril;Naves Español en Matadero;Las Dos en Punto;120;Teatro y Escénicas
2021;Abril;Naves Español en Matadero;Preludio;48;Teatro y Escénicas
2021;Abril;Naves Español en Matadero;Prostitución;2;Teatro y Escénicas
2021;Abril;Circo Price;Àvol;44;Teatro y Escénicas
2021;Abril;Circo Price;Bakéké;45;Teatro y Escénicas
2021;Abril;Circo Price;Eneida (Playlist Para Un Continente a La Deriva);468;Teatro y Escénicas
2021;Abril;Circo Price;Historia De Los Ventrílocuos Por Jaime Figueroa;11;Teatro y Escénicas
2021;Abril;Circo Price;Una Mujer Inconveniente;11;Teatro y Escénicas
2021;Abril;Teatro Español;Ira;490;Teatro y Escénicas
2021;Abril;Teatro Español;La Casa De Los Espíritus;230;Teatro y Escénicas
2021;Abril;Teatro Español;Puertas Abiertas;96;Teatro y Escénicas
2021;Abril;Teatro Español;TDV - Carolina África vs Carol López;0;Cultura General
2021;Abril;Teatro Español;TDV - Esther Carrodeguas vs Íñigo Guardamino;11;Cultura General
2021;Mayo;Cineteca;ABISAL / TELLURIAN DRAMA / SENSITIVE MATERIAL;1;Cine y Audiovisual
2021;Mayo;Cineteca;CHARULATA. LA ESPOSA SOLITARIA;3;Cine y Audiovisual
2021;Mayo;Cineteca;COLECCIÓN PRIVADA / LA PELI DEL ALGORITMO / ORA MARÍTIMA;1;Cine y Audiovisual
2021;Mayo;Cineteca;DARDARA;4;Cine y Audiovisual
2021;Mayo;Cineteca;FIRST COW;4;Cine y Audiovisual
2021;Mayo;Cineteca;NO TAXI DO JACK;1;Cine y Audiovisual
2021;Mayo;Cineteca;SURVIVING YOU, ALWAYS + ESQUIRLAS;1;Cine y Audiovisual
2021;Mayo;Cineteca;UN EFECTO ÓPTICO;18;Cine y Audiovisual
2021;Mayo;Cineteca;VACA MUGIENDO ENTRE RUINAS;4;Cine y Audiovisual
2021;Mayo;Cineteca;VIDEO BLUES;1;Cine y Audiovisual
2021;Mayo;Cineteca;WINTERREISE;1;Cine y Audiovisual
2021;Mayo;Conde Duque;Cine - Al Primo Soffio Di Vento;36;Cine y Audiovisual
2021;Mayo;Conde Duque;Cine - Ocaña, Retrato Intermitente;36;Cine y Audiovisual
2021;Mayo;Conde Duque;Teatro - Las Explicaciones;29;Teatro y Escénicas
2021;Mayo;Fernán Gómez;Los Hermanos Machado;162;Teatro y Escénicas
2021;Mayo;Fernán Gómez;M.V. Alba Molina;80;Música y Conciertos
2021;Mayo;Fernán Gómez;M.V. Chamamé (Patrimonio De La Humanidad);36;Música y Conciertos
2021;Mayo;Fernán Gómez;M.V. Eliseo Parra;80;Música y Conciertos
2021;Mayo;Fernán Gómez;M.V. Muerdo;80;Música y Conciertos
2021;Mayo;Fernán Gómez;Yo, La Peor Del Mundo;560;Teatro y Escénicas
2021;Mayo;Naves Español en Matadero;Complejo De Edipo;40;Teatro y Escénicas
2021;Mayo;Naves Español en Matadero;Dados;44;Teatro y Escénicas
2021;Mayo;Naves Español en Matadero;Generación Why;100;Teatro y Escénicas
2021;Mayo;Naves Español en Matadero;La Mujer Más Fea Del Mundo;44;Teatro y Escénicas
2021;Mayo;Naves Español en Matadero;La Plaga;96;Teatro y Escénicas
2021;Mayo;Naves Español en Matadero;Las Dos en Punto;358;Teatro y Escénicas
2021;Mayo;Naves Español en Matadero;Lear;30;Teatro y Escénicas
2021;Mayo;Naves Español en Matadero;Otelo;65;Teatro y Escénicas
2021;Mayo;Circo Price;Clowns;75;Teatro y Escénicas
2021;Mayo;Teatro Español;Amor, Amor, Catástrofe;67;Teatro y Escénicas
2021;Mayo;Teatro Español;El Silencio De Elvis;10;Teatro y Escénicas
2021;Mayo;Teatro Español;La Casa De Los Espíritus;410;Teatro y Escénicas
2021;Mayo;Teatro Español;Levante;220;Teatro y Escénicas
2021;Mayo;Teatro Español;TDV - Albert Boronat vs Irma Correa;0;Cultura General
2021;Mayo;Teatro Español;TDV - Julio Escalada & Juli Disla;0;Cultura General
2021;Junio;Cineteca;AMOR SIN CIUDAD;2;Cine y Audiovisual
2021;Junio;Cineteca;ARMUGAN;2;Cine y Audiovisual
2021;Junio;Cineteca;CALLA Y ESCUCHA.? ECOS DE UNA POSIBLE CINEFILIA;1;Cine y Audiovisual
2021;Junio;Cineteca;DESTELLO BRAVÍO;5;Cine y Audiovisual
2021;Junio;Cineteca;EL TELÉFONO DEL VIENTO;9;Cine y Audiovisual
2021;Junio;Cineteca;ENTRE PERRO Y LOBO;1;Cine y Audiovisual
2021;Junio;Cineteca;GOODBYE DRAGON INN;10;Cine y Audiovisual
2021;Junio;Cineteca;KAREN;5;Cine y Audiovisual
2021;Junio;Cineteca;LAND and HOUSING;2;Cine y Audiovisual
2021;Junio;Cineteca;LOLA;4;Cine y Audiovisual
2021;Junio;Cineteca;MAMA RAINBOW;3;Cine y Audiovisual
2021;Junio;Cineteca;MOVE the GRAVE;4;Cine y Audiovisual
2021;Junio;Cineteca;MÚSICAS ENCONTRADAS;1;Cine y Audiovisual
2021;Junio;Cineteca;NUNCA VOLVERÁ a NEVAR;7;Cine y Audiovisual
2021;Junio;Cineteca;PETER HUTTON: TENER (Y DETENER) EL TIEMPO;5;Cine y Audiovisual
2021;Junio;Cineteca;PRESENTACIÓN ALETHEIA 2ª TEMPORADA;1;Cultura General
2021;Junio;Cineteca;RIZI/DAYS;8;Cine y Audiovisual
2021;Junio;Cineteca;SERTÂNIA;1;Cine y Audiovisual
2021;Junio;Cineteca;SPACESHIP EARTH;4;Cine y Audiovisual
2021;Junio;Cineteca;WHAT PROBABLY WOULD HAD HAPPENED if I HADN’T STAYED at HOME / GHOSTS (OBAKE);2;Cine y Audiovisual
2021;Junio;Conde Duque;Cine - Damsels in Distress;27;Cine y Audiovisual
2021;Junio;Conde Duque;Cine - Lemebel;25;Documental
2021;Junio;Conde Duque;Cine - Perfect Blue;30;Cine y Audiovisual
2021;Junio;Conde Duque;Música - Músicas Memorables;28;Música y Conciertos
2021;Junio;Conde Duque;Música - Pongo;26;Música y Conciertos
2021;Junio;Conde Duque;Teatro - Acciones Sencillas;56;Teatro y Escénicas
2021;Junio;Conde Duque;Teatro - Antonio y Cleopatra;27;Teatro y Escénicas
2021;Junio;Conde Duque;Teatro - Teatro Amazonas;0;Teatro y Escénicas
2021;Junio;Fernán Gómez;Los Hermanos Machado;144;Teatro y Escénicas
2021;Junio;Fernán Gómez;Zarzuela en Danza;101;Teatro y Escénicas
2021;Junio;Naves Español en Matadero;A Nosotros Nos Daba Igual;85;Teatro y Escénicas
2021;Junio;Naves Español en Matadero;Amour;24;Teatro y Escénicas
2021;Junio;Naves Español en Matadero;Cluster;73;Teatro y Escénicas
2021;Junio;Naves Español en Matadero;La Rueda;96;Teatro y Escénicas
2021;Junio;Naves Español en Matadero;Museo De La Ficción;26;Teatro y Escénicas
2021;Junio;Naves Español en Matadero;Tránsito;69;Teatro y Escénicas
2021;Junio;Circo Price;Orquestando en común.Una Infancia Que Late;124;Música y Conciertos
2021;Junio;Teatro Español;El Beso;8;Teatro y Escénicas
2021;Junio;Teatro Español;El Silencio De Elvis;72;Teatro y Escénicas
2021;Junio;Teatro Español;Levante;489;Teatro y Escénicas
2021;Junio;Teatro Español;Una Noche Sin Luna;94;Teatro y Escénicas
2021;Julio;Naves Español en Matadero;A Nosotros Nos Daba Igual;13;Teatro y Escénicas
2021;Julio;Naves Español en Matadero;VV21 - Bianco Su Bianco;23;Teatro y Escénicas
2021;Julio;Naves Español en Matadero;VV21 - Suite Toc Num 6;44;Teatro y Escénicas
2021;Julio;Teatro Español;El Beso;10;Teatro y Escénicas
2021;Julio;Cineteca;Summer of Soul;2;Documental
2021;Julio;Cineteca;¡al Abordaje!;4;Teatro y Escénicas
2021;Julio;Cineteca;Naked Animals;6;Cine y Audiovisual
2021;Julio;Cineteca;Marygoround (Maryjki);9;Cine y Audiovisual
2021;Julio;Cineteca;Ricochet;5;Cine y Audiovisual
2021;Julio;Cineteca;Make Up;11;Cine y Audiovisual
2021;Agosto;Cineteca;Residue;6;Cine y Audiovisual
2021;Agosto;Cineteca;Passage;5;Cine y Audiovisual
2021;Agosto;Cineteca;Coup;6;Cine y Audiovisual
2021;Agosto;Cineteca;A Todos Nos Gusta El Plátano;3;Teatro y Escénicas
2021;Septiembre;Naves Español en Matadero;Billy´s Violence;76;Teatro y Escénicas
2021;Septiembre;Naves Español en Matadero;May B;75;Teatro y Escénicas
2021;Septiembre;Naves Español en Matadero;Trilogía Crónicas Ibéricas: Desde Aquí Veo Sucia La Plaza;54;Teatro y Escénicas
2021;Septiembre;Teatro Español;Despierta;88;Teatro y Escénicas
2021;Septiembre;Teatro Español;Edipo;807;Teatro y Escénicas
2021;Septiembre;Fernán Gómez;El Viaje a Ninguna Parte;114;Teatro y Escénicas
2021;Septiembre;Fernán Gómez;Turistas;186;Teatro y Escénicas
2021;Septiembre;Cineteca;La Metamorfosis De Los Pájaros;1;Cine y Audiovisual
2021;Septiembre;Cineteca;Encuentro by Women: Habla La Crítica;1;Cultura General
2021;Septiembre;Cineteca;Sesión De Cortos ·3· Directed by Women Spain;5;Cine y Audiovisual
2021;Septiembre;Cineteca;Uppercase Print;3;Cine y Audiovisual
2021;Septiembre;Cineteca;Sesión De Cortos ·4· Directed by Women Spain;4;Cine y Audiovisual
2021;Septiembre;Cineteca;Las Siete Muertes;3;Teatro y Escénicas
2021;Septiembre;Cineteca;Como Yo Quiera;16;Teatro y Escénicas
2021;Septiembre;Cineteca;Cabarete;3;Teatro y Escénicas
2021;Septiembre;Cineteca;La Terra Habitada;4;Teatro y Escénicas
2021;Septiembre;Cineteca;Papi;10;Teatro y Escénicas
2021;Septiembre;Cineteca;Si Yo Muero Primero;6;Teatro y Escénicas
2021;Octubre;Naves Español en Matadero;¿que No...?;336;Teatro y Escénicas
2021;Octubre;Naves Español en Matadero;Conferencia De Los Ausentes;58;Teatro y Escénicas
2021;Octubre;Naves Español en Matadero;Género Imposible;59;Teatro y Escénicas
2021;Octubre;Naves Español en Matadero;Trilogía Crónicas Ibéricas: Algún Día Todo Esto Será Tuyo;100;Teatro y Escénicas
2021;Octubre;Naves Español en Matadero;Trilogía Crónicas Ibéricas: Desde Aquí Veo Sucia La Plaza;277;Teatro y Escénicas
2021;Octubre;Naves Español en Matadero;Trilogía Crónicas Ibéricas: Herederos Del Ocaso;288;Teatro y Escénicas
2021;Octubre;Circo Price;ALMA;111;Teatro y Escénicas
2021;Octubre;Circo Price;Ciudades, Caminos, Cuerpos y Fragmentos;21;Cine y Audiovisual
2021;Octubre;Circo Price;Firco, Cuarto Festival Iberoamericano De Circo;261;Teatro y Escénicas
2021;Octubre;Circo Price;La Punta De Mi Nariz;117;Teatro y Escénicas
2021;Octubre;Circo Price;VOLOV, Un Viaje De Circo y Música;111;Teatro y Escénicas
2021;Octubre;Teatro Español;Despierta;287;Teatro y Escénicas
2021;Octubre;Teatro Español;Edipo;1314;Teatro y Escénicas
2021;Octubre;Fernán Gómez;Crónico;284;Teatro y Escénicas
2021;Octubre;Fernán Gómez;El Viaje a Ninguna Parte;25;Teatro y Escénicas
2021;Octubre;Fernán Gómez;Los Pazos De Ulloa;441;Teatro y Escénicas
2021;Octubre;Fernán Gómez;Turistas;39;Teatro y Escénicas
2021;Octubre;Cineteca;Programa 1 Nouvelle Vague [cortometrajes Ficción];30;Cine y Audiovisual
2021;Octubre;Cineteca;Nos Miran;1;Cine y Audiovisual
2021;Octubre;Cineteca;Malmkrog;32;Cine y Audiovisual
2021;Octubre;Cineteca;Néstor Basterretxea, Artista y Cineasta;1;Cine y Audiovisual
2021;Octubre;Cineteca;Programa 2 Nouvelle Vague [cortometrajes Documentales];19;Documental
2021;Octubre;Cineteca;Femmes II [seleccion De Cortometrajes];6;Cine y Audiovisual
2021;Octubre;Cineteca;Premios Madroño;2;Cultura General
2021;Octubre;Cineteca;Programa 3 Nouvelle Vague [el Nuevo Cortometraje];13;Cine y Audiovisual
2021;Octubre;Cineteca;¿quién Está Enfermo?: Campeones;6;Cine y Audiovisual
2021;Octubre;Cineteca;El Retorno, La Vida Después Del ISIS;11;Documental
2021;Octubre;Cineteca;Cine Caos;5;Cine y Audiovisual
2021;Octubre;Cineteca;Vivir Su Vida;26;Cine y Audiovisual
2021;Octubre;Cineteca;Los Conductos;18;Cine y Audiovisual
2021;Octubre;Cineteca;El Tabaco en El Cine: El Ojo De La Medusa;8;Cultura General
2021;Octubre;Cineteca;El Año Del Descubrimiento;21;Cine y Audiovisual
2021;Octubre;Cineteca;Memoria y Cine: El Viaje a Ninguna Parte;16;Cultura General
2021;Octubre;Cineteca;Cortometrajes De Escuelas De Cine;11;Cine y Audiovisual
2021;Octubre;Cineteca;Dear Future Children;11;Documental
2021;Octubre;Cineteca;Formación Para Cineastas Comprometidos. Jornada I: Medir, Compensar e Impulsar;10;Cultura General
2021;Octubre;Cineteca;Quién Lo Impide;64;Documental
2021;Octubre;Cineteca;Bird Island;5;Cine y Audiovisual
2021;Octubre;Cineteca;Lords of Water;7;Cine y Audiovisual
2021;Octubre;Cineteca;Buena Medicina, Medicina Buena. Kairós. Historia De La Bioética;8;Cultura General
2021;Octubre;Cineteca;La Boda De Rosa;0;Cine y Audiovisual
2021;Octubre;Conde Duque;«titicut FOLLIES»;2;Cine y Audiovisual
2021;Octubre;Conde Duque;Rodrigo García. «movidas RARAS/DRÔLES DE TRUCS»;7;Teatro y Escénicas
2021;Octubre;Conde Duque;LAURA LAMONTAGNE & PICOAMPERIO;10;Música y Conciertos
2021;Octubre;Conde Duque;«el DIABLO Y DANIEL JOHNSTON»;14;Documental
2021;Octubre;Conde Duque;LUZ ARCAS/LA PHÁRMACO. «somos LA GUERRA»;64;Teatro y Escénicas
2021;Octubre;Conde Duque;EMEL MATHLOUTHI;32;Música y Conciertos
2021;Noviembre;Naves Español en Matadero;¿cuándo Viene Samuel?;471;Teatro y Escénicas
2021;Noviembre;Naves Español en Matadero;¿que No...?;874;Teatro y Escénicas
2021;Noviembre;Naves Español en Matadero;À Un Endroit Du Dèbut;84;Teatro y Escénicas
2021;Noviembre;Naves Español en Matadero;Daara J. Family;84;Música y Conciertos
2021;Noviembre;Naves Español en Matadero;Uncles & Angles;10;Música y Conciertos
2021;Noviembre;Naves Español en Matadero;Vivo Vivaldi;98;Música y Conciertos
2021;Noviembre;Circo Price;"Circo Price en Navidad  ""La Vuelta Al Mundo De Cometa""";269;Infantil / Familiar
2021;Noviembre;Circo Price;Desdémona;232;Teatro y Escénicas
2021;Noviembre;Circo Price;No Verbal;21;Teatro y Escénicas
2021;Noviembre;Teatro Español;Burdina Hierro;126;Cine y Audiovisual
2021;Noviembre;Teatro Español;En Tierra Extraña;1078;Teatro y Escénicas
2021;Noviembre;Teatro Español;Lluvia Amarilla;212;Teatro y Escénicas
2021;Noviembre;Fernán Gómez;FJ. ALFONSO DE VILALLONGA;26;Música y Conciertos
2021;Noviembre;Fernán Gómez;FJ. ANTONIO LIZANA;67;Música y Conciertos
2021;Noviembre;Fernán Gómez;FJ. CARMEN PARÍS;35;Música y Conciertos
2021;Noviembre;Fernán Gómez;FJ. CELEBRANDO LA MÚSICA DE PEDRO ITURRALDE;56;Música y Conciertos
2021;Noviembre;Fernán Gómez;FJ. CHANO DOMÍNGUEZ Y DIEGO AMADOR;91;Música y Conciertos
2021;Noviembre;Fernán Gómez;FJ. CHICO PÉREZ;70;Música y Conciertos
2021;Noviembre;Fernán Gómez;FJ. DOMINIK WANIA;45;Música y Conciertos
2021;Noviembre;Fernán Gómez;FJ. LIONEL LOUEKE SOLO;85;Música y Conciertos
2021;Noviembre;Fernán Gómez;FJ. SUSAN SANTOS;27;Música y Conciertos
2021;Noviembre;Fernán Gómez;FJ. VERÓNICA FERREIRO & JAVIER SÁNCHEZ;60;Música y Conciertos
2021;Noviembre;Fernán Gómez;Los Pazos De Ulloa;65;Teatro y Escénicas
2021;Noviembre;Fernán Gómez;Tu Mano en La Mía;286;Teatro y Escénicas
2021;Noviembre;Cineteca;El Año Del Descubrimiento;13;Cine y Audiovisual
2021;Noviembre;Cineteca;Quién Lo Impide;34;Documental
2021;Noviembre;Cineteca;Gualeguaychú: El País Del Carnaval;1;Documental
2021;Noviembre;Cineteca;Building a Bridge;4;Documental
2021;Noviembre;Cineteca;Cortometrajes Internacional I;5;Cine y Audiovisual
2021;Noviembre;Cineteca;Sedimentos;6;Documental
2021;Noviembre;Cineteca;Cine Disidente;8;Cine y Audiovisual
2021;Noviembre;Cineteca;Cortos Documentales;6;Documental
2021;Noviembre;Cineteca;Skinned / Outside Noise;9;Cine y Audiovisual
2021;Noviembre;Cineteca;Rufufú;22;Cine y Audiovisual
2021;Noviembre;Cineteca;Moon, 66 Questions;4;Cine y Audiovisual
2021;Noviembre;Cineteca;Azor;2;Cine y Audiovisual
2021;Noviembre;Cineteca;MRGencia. Sesión 1;3;Cine y Audiovisual
2021;Noviembre;Cineteca;????? ?????? (Davai Tusit’!);8;Cine y Audiovisual
2021;Noviembre;Cineteca;MRGencia. Sesión 2;5;Cine y Audiovisual
2021;Noviembre;Cineteca;Future Foods / Esqui;1;Cine y Audiovisual
2021;Noviembre;Cineteca;Más Allá De La Noche / El Gran Movimiento;4;Cine y Audiovisual
2021;Noviembre;Cineteca;Esquirlas;17;Cine y Audiovisual
2021;Noviembre;Cineteca;MRGencia. Sesión 3;2;Cine y Audiovisual
2021;Noviembre;Cineteca;Eles Transportan a Morte;4;Cine y Audiovisual
2021;Noviembre;Cineteca;Paralelo 28 / Magaluf Ghost Town;8;Cine y Audiovisual
2021;Noviembre;Cineteca;Ascensor Para El Cadalso;26;Cine y Audiovisual
2021;Noviembre;Cineteca;El Pejesapo;7;Cine y Audiovisual
2021;Noviembre;Conde Duque;DANI ORVIZ Y ALEJANDRA MARTÍNEZ DE MIGUEL. «slam»;52;Literatura y Poesía
2021;Noviembre;Conde Duque;«mary and MAX»;32;Cine y Audiovisual
2021;Noviembre;Conde Duque;CÉSAR FILIÚ DOUGLAS;66;Música y Conciertos
2021;Noviembre;Conde Duque;«la CALLE DEL AGUA»;17;Cine y Audiovisual
2021;Noviembre;Conde Duque;Lorena Vega. «imprenteros»;39;Teatro y Escénicas
2021;Noviembre;Conde Duque;ROMÁN FILIÚ & CUARTETO ASSAI;43;Música y Conciertos
2021;Noviembre;Conde Duque;«kairo»;1;Cine y Audiovisual
2021;Noviembre;Conde Duque;GN |mc Guy Nader | Maria Campos;30;Literatura y Poesía
2021;Noviembre;Conde Duque;DUOT & ANDY MOOR (the Ex);28;Música y Conciertos
2021;Noviembre;Conde Duque;«crudo»;22;Teatro y Escénicas
2021;Diciembre;Naves Español en Matadero;Gala Anïmales Mixtøs;4;Música y Conciertos
2021;Diciembre;Naves Español en Matadero;Inicio (Uno);175;Teatro y Escénicas
2021;Diciembre;Naves Español en Matadero;La Infamia;590;Teatro y Escénicas
2021;Diciembre;Naves Español en Matadero;Niño De Elche: Hoy Comamos y Bebamos;162;Música y Conciertos
2021;Diciembre;Naves Español en Matadero;Vuelta a Uno;250;Teatro y Escénicas
2021;Diciembre;Circo Price;"Circo Price en Navidad  ""La Vuelta Al Mundo De Cometa""";344;Infantil / Familiar
2021;Diciembre;Teatro Español;De Algún Tiempo a Esta Parte;30;Teatro y Escénicas
2021;Diciembre;Teatro Español;En Tierra Extraña;590;Teatro y Escénicas
2021;Diciembre;Teatro Español;Lluvia Amarilla;79;Teatro y Escénicas
2021;Diciembre;Fernán Gómez;El Enfermo Imaginario;103;Teatro y Escénicas
2021;Diciembre;Fernán Gómez;El Hijo De La Cómica;51;Teatro y Escénicas
2021;Diciembre;Fernán Gómez;El Mundo Es Redondo;15;Teatro y Escénicas
2021;Diciembre;Fernán Gómez;F.G. Harlem Gospel Choir Presenta Back where We Belong Tour;153;Música y Conciertos
2021;Diciembre;Fernán Gómez;F.G. Oh Madrid Happy Day by Coro Gospel De Madrid;73;Música y Conciertos
2021;Diciembre;Fernán Gómez;F.G. Spirit of New Orleans Gospel Choir Presenta the Sound of New Orleans;107;Música y Conciertos
2021;Diciembre;Fernán Gómez;F.G. the Gospel Times Presenta Let the Good Times Roll;158;Música y Conciertos
2021;Diciembre;Fernán Gómez;Mariana;74;Teatro y Escénicas
2021;Diciembre;Cineteca;Quién Lo Impide;35;Documental
2021;Diciembre;Cineteca;Sedimentos;7;Documental
2021;Diciembre;Cineteca;El Pejesapo;8;Cine y Audiovisual
2021;Diciembre;Cineteca;Las Clases;20;Cine y Audiovisual
2021;Diciembre;Cineteca;Mitómana;5;Teatro y Escénicas
2021;Diciembre;Cineteca;Tierra De Leche y Miel;6;Cine y Audiovisual
2021;Diciembre;Cineteca;Mothers;3;Cine y Audiovisual
2021;Diciembre;Cineteca;La Flor (Primera Parte);1;Cine y Audiovisual
2021;Diciembre;Cineteca;La Flor (Segunda Parte);1;Cine y Audiovisual
2021;Diciembre;Cineteca;La Flor (Tercera Parte);1;Cine y Audiovisual
2021;Diciembre;Conde Duque;«introduction»;13;Cine y Audiovisual
2022;Abril;Cineteca;Adiós Al Lenguaje;17;Cine y Audiovisual
2022;Abril;Cineteca;Bajo El Volcán;7;Cine y Audiovisual
2022;Abril;Cineteca;Bella Durmiente;5;Cine y Audiovisual
2022;Abril;Cineteca;El Almuerzo Desnudo;24;Cine y Audiovisual
2022;Abril;Cineteca;El Cantar De Los Cantares;15;Cine y Audiovisual
2022;Abril;Cineteca;El Hospital De La Transfiguración;6;Cine y Audiovisual
2022;Abril;Cineteca;El Planeta;8;Cine y Audiovisual
2022;Abril;Cineteca;El Rezador;4;Cine y Audiovisual
2022;Abril;Cineteca;El Test Del Piloto Pirx;1;Cine y Audiovisual
2022;Abril;Cineteca;El Tiempo Perdido;13;Cine y Audiovisual
2022;Abril;Cineteca;En La Oscuridad (in the Dusk);5;Cine y Audiovisual
2022;Abril;Cineteca;Film, the Living Record of Our Memory (Cine, Registro Vivo De Nuestra Memoria);5;Documental
2022;Abril;Cineteca;Kurt Vonnegut: Unstuck in Time;9;Documental
2022;Abril;Cineteca;Kurt Vonnegut: Unstuck in Time + Mesa Redonda Con Ángeles Caso y Carlos Zanón;3;Documental
2022;Abril;Cineteca;Mark Twain, De Ken Burns + Conversación Arturo Pérez-Reverte y Pilar Reyes;4;Documental
2022;Abril;Cineteca;Mysterious Object at Noon;5;Cine y Audiovisual
2022;Abril;Cineteca;Orfeo;19;Cine y Audiovisual
2022;Abril;Cineteca;Retrospectiva Stanislaw Lem. Sesión I;1;Cine y Audiovisual
2022;Abril;Cineteca;Retrospectiva Stanislaw Lem. Sesión II;2;Cine y Audiovisual
2022;Abril;Cineteca;Rock Por Mil;2;Cine y Audiovisual
2022;Abril;Cineteca;Sesión Femenina;3;Cine y Audiovisual
2022;Abril;Cineteca;This Rain Will Never Stop;3;Cine y Audiovisual
2022;Abril;Cineteca;Todo Se Transforma;7;Cine y Audiovisual
2022;Abril;Cineteca;Una Película Póstuma;6;Cine y Audiovisual
2022;Abril;Circo Price;PR22 -  a Deer in the Headlights – La Nuit Du Cerf;87;Teatro y Escénicas
2022;Abril;Circo Price;PR22 - Eneida (Playlist Para Un Continente a La Deriva);303;Teatro y Escénicas
2022;Abril;Fernán Gómez;DV. Chevi Muraday. Pas De Deux;26;Teatro y Escénicas
2022;Abril;Fernán Gómez;DV. Cía. Manuela Barrero dlcAos. I'll be your Mirror;31;Teatro y Escénicas
2022;Abril;Fernán Gómez;DV. LaMov Ballet. El Lago;23;Teatro y Escénicas
2022;Abril;Fernán Gómez;DV. Marea Danza. Roda;50;Teatro y Escénicas
2022;Abril;Fernán Gómez;DV. Mey-Ling Bisogno. Cómeme Otra Vez;91;Teatro y Escénicas
2022;Abril;Fernán Gómez;DV. Sol Picó Compañía De Danza;18;Teatro y Escénicas
2022;Abril;Fernán Gómez;MAM. Armonica Stanza. De Amores y Tesoros;7;Música y Conciertos
2022;Abril;Fernán Gómez;MAM. Auf Dem Strom - Mª Eugenia Boix, Javier Bonet y Miriam Gómez-Morán;6;Música y Conciertos
2022;Abril;Fernán Gómez;MAM. Camerata  Iberia. Si Amor Pone Las Escalas;12;Música y Conciertos
2022;Abril;Fernán Gómez;MAM. Opera Omnia;12;Música y Conciertos
2022;Abril;Fernán Gómez;MAM. Trifolium;29;Música y Conciertos
2022;Abril;Fernán Gómez;Moria;109;Teatro y Escénicas
2022;Abril;Fernán Gómez;Tea Rooms;23;Teatro y Escénicas
2022;Abril;Naves Del Español;Lú;42;Teatro y Escénicas
2022;Abril;Naves Del Español;Animal Negro Tristeza;150;Teatro y Escénicas
2022;Abril;Naves Del Español;Apeirón;7;Teatro y Escénicas
2022;Abril;Naves Del Español;Erresuma, Kingdom, Reino;139;Teatro y Escénicas
2022;Abril;Naves Del Español;Lengua Materna;7;Teatro y Escénicas
2022;Abril;Naves Del Español;Nube Nube;9;Teatro y Escénicas
2022;Abril;Naves Del Español;Oceanía;194;Teatro y Escénicas
2022;Abril;Teatro Español;Amici Miei;191;Cine y Audiovisual
2022;Abril;Teatro Español;El Mal De La Montaña;22;Cine y Audiovisual
2022;Abril;Teatro Español;La Bella Dorotea;969;Teatro y Escénicas
2022;Abril;Teatro Español;TD22 - Laura Rubio Galletero vs Carlos be;20;Cultura General
2022;Abril;Teatro Español;TD22 - Minke Wang vs Paco Gámez;20;Cultura General
2022;Abril;Teatro Español;TD22 - Ruth Vilar vs Nieves Rodríguez;20;Cultura General
2022;Agosto;Actividades Culturales;Enredadas;43;Teatro y Escénicas
2022;Agosto;Actividades Culturales;La Realidad;50;Teatro y Escénicas
2022;Agosto;Actividades Culturales;La Revoltosa;82;Teatro y Escénicas
2022;Agosto;Actividades Culturales;Omara Portuondo. Vida;47;Documental
2022;Agosto;Actividades Culturales;Fuego Salvaje;32;Teatro y Escénicas
2022;Agosto;Actividades Culturales;The Infernal Comedy · Confesiones De Un Asesino en Serie;79;Teatro y Escénicas
2022;Agosto;Actividades Culturales;Saramago en Compañía;25;Teatro y Escénicas
2022;Agosto;Actividades Culturales;Trivium;31;Teatro y Escénicas
2022;Agosto;Actividades Culturales;ALIZZZ + Judeline;256;Música y Conciertos
2022;Agosto;Actividades Culturales;¡sereno!… Ábreme La Zarzuela;16;Teatro y Escénicas
2022;Agosto;Actividades Culturales;Robert Henke. Dust;30;Música y Conciertos
2022;Agosto;Actividades Culturales;Lope y Sus Doroteas o Cuando Lope Quiere, Quiere;82;Teatro y Escénicas
2022;Agosto;Cineteca;Let's Say Revolution;5;Cine y Audiovisual
2022;Agosto;Cineteca;Our Memory Belongs to Us;12;Documental
2022;Agosto;Cineteca;Soul of a Beast;15;Cine y Audiovisual
2022;Agosto;Cineteca;The Year of the Everlasting Storm;32;Cine y Audiovisual
2022;Diciembre;Cineteca;Bella y Perdida;4;Cine y Audiovisual
2022;Diciembre;Cineteca;Bianca;8;Cine y Audiovisual
2022;Diciembre;Cineteca;Controverso;1;Cine y Audiovisual
2022;Diciembre;Cineteca;Cortometrajes De Escuelas;10;Cine y Audiovisual
2022;Diciembre;Cineteca;Cortos De Goya 2023;11;Cine y Audiovisual
2022;Diciembre;Cineteca;Cuelgamuros y La Historia Inexplicable;2;Documental
2022;Diciembre;Cineteca;Decamerón 2 (Los Otros Cuentos De Bocaccio);1;Cine y Audiovisual
2022;Diciembre;Cineteca;El Empleo;6;Cine y Audiovisual
2022;Diciembre;Cineteca;El Oficio De Las Armas;2;Cine y Audiovisual
2022;Diciembre;Cineteca;El Tesoro De Su Juventud. Las Fotografías De Paolo Di Paolo;1;Documental
2022;Diciembre;Cineteca;En Residencia. La Voltereta;9;Cine y Audiovisual
2022;Diciembre;Cineteca;En Un Eterno Retorno;10;Cine y Audiovisual
2022;Diciembre;Cineteca;Érase Una Vez...;3;Cine y Audiovisual
2022;Diciembre;Cineteca;I Comete - A Corsican Summer;2;Cine y Audiovisual
2022;Diciembre;Cineteca;Karaoke Paradise;2;Cine y Audiovisual
2022;Diciembre;Cineteca;La Aventura;36;Cine y Audiovisual
2022;Diciembre;Cineteca;La Montaña Mágica;2;Cine y Audiovisual
2022;Diciembre;Cineteca;La Noche;20;Cine y Audiovisual
2022;Diciembre;Cineteca;La Noche De San Lorenzo;6;Cine y Audiovisual
2022;Diciembre;Cineteca;La Rabbia. Hipótesis De Reconstrucción De La Versión Original De Pasolini;10;Cine y Audiovisual
2022;Diciembre;Cineteca;Larga Vida a La Señora;2;Cine y Audiovisual
2022;Diciembre;Cineteca;Lazzaro Feliz;17;Cine y Audiovisual
2022;Diciembre;Cineteca;Matadero;6;Cine y Audiovisual
2022;Diciembre;Cineteca;Milagro en Milán;8;Cine y Audiovisual
2022;Diciembre;Cineteca;Nice Girls Don't Stay for Breakfast;4;Documental
2022;Diciembre;Cineteca;Sección Oficial De Cortometrajes I;4;Cine y Audiovisual
2022;Diciembre;Cineteca;Sección Oficial De Cortometrajes II;4;Cine y Audiovisual
2022;Diciembre;Cineteca;Sección Oficial De Cortometrajes III;9;Cine y Audiovisual
2022;Diciembre;Cineteca;Una Vida Violenta;7;Cine y Audiovisual
2022;Diciembre;Circo Price;CIRCO PRICE en NAVIDAD;216;Infantil / Familiar
2022;Diciembre;Condeduque;36º CERTAMEN COREOGRÁFICO DE MADRID;68;Teatro y Escénicas
2022;Diciembre;Condeduque;FRANK RIPPLOH «taxi ZUM KLO»;52;Cine y Audiovisual
2022;Diciembre;Condeduque;HONG SANG-SOO «the NOVELIST’S FILM»;24;Cine y Audiovisual
2022;Diciembre;Condeduque;IKRAM BOULOUM «ha-BB5»;28;Música y Conciertos
2022;Diciembre;Fernán Gómez;AL CALOR DEL CANCIONERO;52;Música y Conciertos
2022;Diciembre;Fernán Gómez;AMAZING GRACE. a GOSPEL CELEBRATION to ARETHA FRANKLIN by the BLACK HERITAGE CHOIR;154;Música y Conciertos
2022;Diciembre;Fernán Gómez;BRIDGET BAZILE STARS of GOSPEL from SPIRITUALS to GOSPEL;150;Música y Conciertos
2022;Diciembre;Fernán Gómez;DEL TEATRO Y OTROS MALES… Que Acechan en Los Corrales;105;Teatro y Escénicas
2022;Diciembre;Fernán Gómez;EL VIAJE DE ISABELA;72;Teatro y Escénicas
2022;Diciembre;Fernán Gómez;SOWETO GOSPEL CHOIR FREEDOM TOUR 2022;207;Música y Conciertos
2022;Diciembre;Fernán Gómez;Un Animal en Mi Almohada;11;Teatro y Escénicas
2022;Diciembre;Naves Del Español;Carnación;520;Teatro y Escénicas
2022;Diciembre;Naves Del Español;El Pozo De Los Mil Demonios;111;Teatro y Escénicas
2022;Diciembre;Naves Del Español;La Florida;93;Teatro y Escénicas
2022;Diciembre;Naves Del Español;La Sumisión y El Porvenir Está en Los Huevos;19;Teatro y Escénicas
2022;Diciembre;Teatro Español;El Nido Ajeno;7;Teatro y Escénicas
2022;Diciembre;Teatro Español;París 1940;225;Teatro y Escénicas
2022;Diciembre;Teatro Español;Sobre La Vida De Los Animales;128;Teatro y Escénicas
2022;Diciembre;Teatro Español;Titania;19;Teatro y Escénicas
2022;Enero;Cineteca;¡corten!;87;Cine y Audiovisual
2022;Enero;Cineteca;Arica;5;Cine y Audiovisual
2022;Enero;Cineteca;Arrebato;9;Cine y Audiovisual
2022;Enero;Cineteca;Bloodsuckers - A Marxist Vampire Comedy;50;Cine y Audiovisual
2022;Enero;Cineteca;Buñuel, Un Cineasta Surrealista;11;Cine y Audiovisual
2022;Enero;Cineteca;Colegas;1;Cine y Audiovisual
2022;Enero;Cineteca;Cortometrajes De Antonio Gracia José, Pierrot;9;Cine y Audiovisual
2022;Enero;Cineteca;Drácula, Príncipe De Las Tinieblas;7;Cine y Audiovisual
2022;Enero;Cineteca;Dracula: Pages from a Virgin's Diary;9;Cine y Audiovisual
2022;Enero;Cineteca;El Tiempo Perdido;5;Cine y Audiovisual
2022;Enero;Cineteca;Història De La Meva Mort;5;Cine y Audiovisual
2022;Enero;Cineteca;La Misma Lluvia;17;Cine y Audiovisual
2022;Enero;Cineteca;La Primera Mujer;10;Cine y Audiovisual
2022;Enero;Cineteca;Nosferatu, El Vampiro De La Noche;20;Cine y Audiovisual
2022;Enero;Cineteca;Sangre De Mi Sangre;3;Cine y Audiovisual
2022;Enero;Cineteca;Solo Los Amantes Sobreviven;22;Cine y Audiovisual
2022;Enero;Cineteca;Stake Land;6;Cine y Audiovisual
2022;Enero;Cineteca;The Vampire Bat (Sombras Trágicas, ¿vampiros?);5;Cine y Audiovisual
2022;Enero;Cineteca;Una Chica Vuelve a Casa Sola De Noche;13;Cine y Audiovisual
2022;Enero;Cineteca;Yo Compré Una Moto Vampiro;3;Cine y Audiovisual
2022;Enero;Circo Price;"Circo Price en Navidad  ""La Vuelta Al Mundo De Cometa""";122;Infantil / Familiar
2022;Enero;Condeduque;«born in FLAMES»;8;Cine y Audiovisual
2022;Enero;Condeduque;«las MARGARITAS»;24;Cine y Audiovisual
2022;Enero;Condeduque;ENRIC MONTEFUSCO;60;Música y Conciertos
2022;Enero;Condeduque;FERRAN PALAU;42;Música y Conciertos
2022;Enero;Fernán Gómez;Convertiste Mi Luto en Danza;118;Teatro y Escénicas
2022;Enero;Fernán Gómez;El Enfermo Imaginario;153;Teatro y Escénicas
2022;Enero;Fernán Gómez;Las Hermanas De Manolete;136;Teatro y Escénicas
2022;Enero;Naves Del Español;Galeria;101;Teatro y Escénicas
2022;Enero;Naves Del Español;Inma Cuevas & Alarmantiks;14;Música y Conciertos
2022;Enero;Naves Del Español;La Infamia;369;Teatro y Escénicas
2022;Enero;Naves Del Español;Noche De Reyes;290;Teatro y Escénicas
2022;Enero;Naves Del Español;Un Cadavre Exquis II;39;Teatro y Escénicas
2022;Enero;Teatro Español;De Algún Tiempo a Esta Parte;81;Teatro y Escénicas
2022;Enero;Teatro Español;Silencio;1491;Teatro y Escénicas
2022;Febrero;Cineteca;¿qué Vemos Cuando Miramos Al Cielo?;71;Cine y Audiovisual
2022;Febrero;Cineteca;A Virxe Roxa (La Virgen Roja);15;Cine y Audiovisual
2022;Febrero;Cineteca;Canto Cósmico;41;Cine y Audiovisual
2022;Febrero;Cineteca;El Año Del Descubrimiento;18;Cine y Audiovisual
2022;Febrero;Cineteca;El Proceso De Juana De Arco;26;Cine y Audiovisual
2022;Febrero;Cineteca;En El Umbral;5;Cine y Audiovisual
2022;Febrero;Cineteca;Impacto;23;Cine y Audiovisual
2022;Febrero;Cineteca;La Bestia De Yucca Flats;9;Cine y Audiovisual
2022;Febrero;Cineteca;La Primera Mujer;17;Cine y Audiovisual
2022;Febrero;Cineteca;Mi Tío;18;Cine y Audiovisual
2022;Febrero;Cineteca;New York Ninja;20;Cine y Audiovisual
2022;Febrero;Cineteca;Persona;49;Cine y Audiovisual
2022;Febrero;Cineteca;Pickpocket;27;Cine y Audiovisual
2022;Febrero;Cineteca;Tiempos Modernos;14;Cine y Audiovisual
2022;Febrero;Cineteca;Un Blues Para Teherán;20;Documental
2022;Febrero;Cineteca;Un Condenado a Muerte Se Ha Escapado;34;Cine y Audiovisual
2022;Febrero;Circo Price;FM22 - DIÁLOGOS MÁGICOS - Nacho Ares & Javier Sierra;73;Infantil / Familiar
2022;Febrero;Circo Price;FM22 - Magia De Cerca;60;Infantil / Familiar
2022;Febrero;Circo Price;FM22 - XII Festival Internacional De Magia De Madrid;766;Infantil / Familiar
2022;Febrero;Condeduque;«el CRACK CERO»;1;Cine y Audiovisual
2022;Febrero;Condeduque;«la LEY DEL DESEO»;30;Cine y Audiovisual
2022;Febrero;Condeduque;Cuqui Jerez «mágica Y ELÁSTICA»;70;Teatro y Escénicas
2022;Febrero;Condeduque;JAMES HEATHER «modulations»;19;Música y Conciertos
2022;Febrero;Condeduque;MARGARIDA MARIÑO «cello&electronics»;20;Música y Conciertos
2022;Febrero;Fernán Gómez;Lorca, Vicenta;262;Teatro y Escénicas
2022;Febrero;Fernán Gómez;Peribáñez y El Comendador De Ocaña;434;Teatro y Escénicas
2022;Febrero;Naves Del Español;Leon Impala;14;Música y Conciertos
2022;Febrero;Naves Del Español;Natalia Dicenta;14;Música y Conciertos
2022;Febrero;Naves Del Español;Noche De Reyes;612;Teatro y Escénicas
2022;Febrero;Naves Del Español;Un Hombre De Paso;278;Teatro y Escénicas
2022;Febrero;Teatro Español;El Mal De La Montaña;189;Cine y Audiovisual
2022;Febrero;Teatro Español;La Batalla De Los Ausentes;730;Teatro y Escénicas
2022;Febrero;Teatro Español;Silencio;143;Teatro y Escénicas
2022;Julio;Actividades Culturales;Querencia;96;Teatro y Escénicas
2022;Julio;Actividades Culturales;¡cuba Vibra!;94;Música y Conciertos
2022;Julio;Actividades Culturales;María De Buenos Aires;16;Teatro y Escénicas
2022;Julio;Actividades Culturales;FIQ (¡despierta!);29;Teatro y Escénicas
2022;Julio;Actividades Culturales;Bate Fado;50;Música y Conciertos
2022;Julio;Actividades Culturales;SER;54;Teatro y Escénicas
2022;Julio;Cineteca;Adiós a La Memoria;13;Cine y Audiovisual
2022;Julio;Cineteca;Bosco;8;Cine y Audiovisual
2022;Julio;Cineteca;Hygiène Sociale;9;Cine y Audiovisual
2022;Julio;Cineteca;Mahlzeiten;6;Cine y Audiovisual
2022;Julio;Cineteca;Stories from the Sea;20;Cine y Audiovisual
2022;Julio;Circo Price;Manolita Chen. Un Cuento Chino;175;Teatro y Escénicas
2022;Julio;Circo Price;VV22 Muerto De Risa;50;Teatro y Escénicas
2022;Julio;Naves Del Español;Cada Vez Nos Despedimos Mejor;23;Teatro y Escénicas
2022;Julio;Naves Del Español;Dystopia;100;Teatro y Escénicas
2022;Julio;Naves Del Español;En Un Sol Amarillo. Memorias De Un Temblor;116;Teatro y Escénicas
2022;Julio;Naves Del Español;VV22 Eins Zwei Drei;85;Teatro y Escénicas
2022;Julio;Naves Del Español;VV22 La Casa De Los Dedos;108;Teatro y Escénicas
2022;Julio;Teatro Español;Esta Noche Se Improvisa La Comedia;173;Teatro y Escénicas
2022;Julio;Teatro Español;Los Nocturnos;65;Teatro y Escénicas
2022;Julio;Teatro Español;VV22 Cuentos y Leyendas De Japón;1;Infantil / Familiar
2022;Junio;Cineteca;¡dolores, Guapa!;6;Cine y Audiovisual
2022;Junio;Cineteca;Alma Anciana;7;Cine y Audiovisual
2022;Junio;Cineteca;Blue Moon;3;Cine y Audiovisual
2022;Junio;Cineteca;Cabaret;28;Cine y Audiovisual
2022;Junio;Cineteca;Comuneros;11;Documental
2022;Junio;Cineteca;Diarios De Otsoga;12;Cine y Audiovisual
2022;Junio;Cineteca;Diferente;8;Cine y Audiovisual
2022;Junio;Cineteca;Ecos De La Revolución Sexual, Con Alberto Berzosa;8;Cultura General
2022;Junio;Cineteca;El Flautista De Hamelín;8;Cine y Audiovisual
2022;Junio;Cineteca;Finlandia;7;Cine y Audiovisual
2022;Junio;Cineteca;Killer Barbys vs. Dracula;4;Cine y Audiovisual
2022;Junio;Cineteca;Land of Warm Waters;2;Cine y Audiovisual
2022;Junio;Cineteca;Las Aventuras De Priscilla, Reina Del Desierto;22;Cine y Audiovisual
2022;Junio;Cineteca;Las Sabias De La Tribu;1;Cine y Audiovisual
2022;Junio;Cineteca;Las Señoritas De Rochefort;10;Cine y Audiovisual
2022;Junio;Cineteca;Máscaras;3;Cine y Audiovisual
2022;Junio;Cineteca;Memoria;50;Cine y Audiovisual
2022;Junio;Cineteca;Mil Incendios;5;Cine y Audiovisual
2022;Junio;Cineteca;No Rest for the Old Lady;4;Cine y Audiovisual
2022;Junio;Cineteca;Paco Loco: Viva El Noise;6;Documental
2022;Junio;Cineteca;Pedra Pàtria;3;Cine y Audiovisual
2022;Junio;Cineteca;Poppy Field;2;Cine y Audiovisual
2022;Junio;Cineteca;Preciosos Experimentos;3;Cine y Audiovisual
2022;Junio;Cineteca;Rendir Los Machos;17;Cine y Audiovisual
2022;Junio;Cineteca;Si Me Borrara El Viento Lo Que Yo Canto;11;Cine y Audiovisual
2022;Junio;Cineteca;Sisters with Transistors;9;Documental
2022;Junio;Cineteca;Una Habitación en La Ciudad;15;Cine y Audiovisual
2022;Junio;Cineteca;When You're Strange;8;Documental
2022;Junio;Circo Price;UBUNTU!!! Todos Somos Uno! 2022;30;Teatro y Escénicas
2022;Junio;Condeduque;«did YOU WONDER WHO FIRED the GUN?»;5;Cine y Audiovisual
2022;Junio;Condeduque;«secret HONOR»;3;Cine y Audiovisual
2022;Junio;Condeduque;«vuelta VACÍO»;20;Teatro y Escénicas
2022;Junio;Condeduque;AYA + OVERMONO (Live);7;Música y Conciertos
2022;Junio;Naves Del Español;Beethoven#ParaElisa;35;Música y Conciertos
2022;Junio;Naves Del Español;Cada Vez Nos Despedimos Mejor;36;Teatro y Escénicas
2022;Junio;Naves Del Español;Dystopia;193;Teatro y Escénicas
2022;Junio;Naves Del Español;El Caballero Incierto;81;Teatro y Escénicas
2022;Junio;Naves Del Español;Là;97;Teatro y Escénicas
2022;Junio;Naves Del Español;La Mirada Del Avestruz;95;Teatro y Escénicas
2022;Junio;Naves Del Español;Malvivir;81;Teatro y Escénicas
2022;Junio;Teatro Español;Esta Noche Se Improvisa La Comedia;449;Teatro y Escénicas
2022;Junio;Teatro Español;La Casa De Bernarda Alba;180;Teatro y Escénicas
2022;Junio;Teatro Español;Los Nocturnos;80;Teatro y Escénicas
2022;Junio;Teatro Español;PF- Plataforma 5 - Il Nostro Amore Schifo;63;Teatro y Escénicas
2022;Junio;Teatro Español;PF- Plataforma 6 - Ser;84;Teatro y Escénicas
2022;Marzo;Cineteca;A Thousand Girls Like Me;11;Documental
2022;Marzo;Cineteca;Azor;24;Cine y Audiovisual
2022;Marzo;Cineteca;Cartas De Akyab;5;Documental
2022;Marzo;Cineteca;Cortos De Goya 2022;25;Cine y Audiovisual
2022;Marzo;Cineteca;Curvy Crew: Caminar Para Romper Estereotipos;4;Documental
2022;Marzo;Cineteca;De Un Cuerpo a Esta Parte (Soy Cámara) / El Silencio De Christine M.;8;Cine y Audiovisual
2022;Marzo;Cineteca;El Año Del Descubrimiento;14;Cine y Audiovisual
2022;Marzo;Cineteca;El Autoestopista;2;Cine y Audiovisual
2022;Marzo;Cineteca;Es Virtual Real;17;Cine y Audiovisual
2022;Marzo;Cineteca;Espero Tua (Re)Volta;3;Documental
2022;Marzo;Cineteca;Estaba en Casa, Pero...;10;Cine y Audiovisual
2022;Marzo;Cineteca;Eugènia Balcells. Selección De Piezas;9;Cine y Audiovisual
2022;Marzo;Cineteca;Facing the Dragon;4;Documental
2022;Marzo;Cineteca;Kuartk Valley / Kinka;6;Cine y Audiovisual
2022;Marzo;Cineteca;La Carcajada De La Medusa / the Archivettes;4;Documental
2022;Marzo;Cineteca;La Venganza De Una Mujer;11;Cine y Audiovisual
2022;Marzo;Cineteca;Lejos De Los Árboles;8;Cine y Audiovisual
2022;Marzo;Cineteca;Lola Montes;36;Cine y Audiovisual
2022;Marzo;Cineteca;Love at Least;14;Cine y Audiovisual
2022;Marzo;Cineteca;Makuko;6;Cine y Audiovisual
2022;Marzo;Cineteca;Nueve Sevillas;18;Documental
2022;Marzo;Cineteca;The Cancer Journals Revisited;7;Documental
2022;Marzo;Cineteca;Un Cielo Tan Turbio;24;Cine y Audiovisual
2022;Marzo;Cineteca;Vivir en Sevilla;5;Cine y Audiovisual
2022;Marzo;Cineteca;Wolf and Sheep;2;Cine y Audiovisual
2022;Marzo;Circo Price;FM22 - DIÁLOGOS MÁGICOS - Emilio Aragón & Jorge Blass;53;Infantil / Familiar
2022;Marzo;Circo Price;FM22 - XII Festival Internacional De Magia De Madrid;372;Infantil / Familiar
2022;Marzo;Circo Price;PR22 -  a Deer in the Headlights – La Nuit Du Cerf;85;Teatro y Escénicas
2022;Marzo;Condeduque;«la MUJER SIN PIANO»;15;Cine y Audiovisual
2022;Marzo;Condeduque;«madrid»;12;Cine y Audiovisual
2022;Marzo;Condeduque;«triple»;25;Teatro y Escénicas
2022;Marzo;Condeduque;«w.r.: LOS MISTERIOS DEL ORGANISMO»;14;Cine y Audiovisual
2022;Marzo;Condeduque;Amir Reza Koohestani / Mehr Theatre Group «timeloss»;18;Teatro y Escénicas
2022;Marzo;Condeduque;MAFALDA;56;Música y Conciertos
2022;Marzo;Condeduque;Marlene Monteiro «jaguar»;55;Teatro y Escénicas
2022;Marzo;Fernán Gómez;Otra Vida;413;Teatro y Escénicas
2022;Marzo;Fernán Gómez;Tea Rooms;210;Teatro y Escénicas
2022;Marzo;Naves Del Español;Erresuma, Kingdom, Reino;334;Teatro y Escénicas
2022;Marzo;Naves Del Español;Noche De Reyes;13;Teatro y Escénicas
2022;Marzo;Naves Del Español;Oceanía;686;Teatro y Escénicas
2022;Marzo;Naves Del Español;Vicente Navarro;14;Música y Conciertos
2022;Marzo;Teatro Español;El Mal De La Montaña;395;Cine y Audiovisual
2022;Marzo;Teatro Español;La Batalla De Los Ausentes;695;Teatro y Escénicas
2022;Marzo;Teatro Español;La Bella Dorotea;197;Teatro y Escénicas
2022;Mayo;Cineteca;¡dolores, Guapa!;17;Cine y Audiovisual
2022;Mayo;Cineteca;A Ritmo De Jess;1;Cine y Audiovisual
2022;Mayo;Cineteca;Alemania, Año Cero;16;Cine y Audiovisual
2022;Mayo;Cineteca;Alma Anciana;3;Cine y Audiovisual
2022;Mayo;Cineteca;Barrio Chino;5;Cine y Audiovisual
2022;Mayo;Cineteca;Crime Wave;12;Cine y Audiovisual
2022;Mayo;Cineteca;El Astronauta;2;Cine y Audiovisual
2022;Mayo;Cineteca;El Pobre García;4;Cine y Audiovisual
2022;Mayo;Cineteca;El Tigre De Chamberí;1;Cine y Audiovisual
2022;Mayo;Cineteca;Eles Transportan a Morte;17;Cine y Audiovisual
2022;Mayo;Cineteca;Ficción Privada;1;Cine y Audiovisual
2022;Mayo;Cineteca;Outside Noise;9;Cine y Audiovisual
2022;Mayo;Cineteca;Paisà (Camarada);10;Cine y Audiovisual
2022;Mayo;Cineteca;Roma, Ciudad Abierta;18;Cine y Audiovisual
2022;Mayo;Cineteca;Un Mundo Feliz;5;Cine y Audiovisual
2022;Mayo;Circo Price;PR22 - Blackbird;105;Teatro y Escénicas
2022;Mayo;Circo Price;PR22 - Las Trágicas Payasas De Shakespeare;52;Teatro y Escénicas
2022;Mayo;Circo Price;PR22 - Sweat & Ink;217;Teatro y Escénicas
2022;Mayo;Circo Price;PR22 - The Royal Gag Orchestra;87;Teatro y Escénicas
2022;Mayo;Condeduque;«election»;3;Cine y Audiovisual
2022;Mayo;Condeduque;«vampires»;4;Cine y Audiovisual
2022;Mayo;Condeduque;Bárbara Bañuelos_Bárbara Fournier «hacer NOCHE»;23;Teatro y Escénicas
2022;Mayo;Condeduque;JOSÉ Y SUS HERMANAS «explore El Jardín De Los Cárpatos»;22;Teatro y Escénicas
2022;Mayo;Condeduque;Ralphie Choo;26;Música y Conciertos
2022;Mayo;Condeduque;RAÚL CANTIZANO + LOS VOLUBLE;8;Música y Conciertos
2022;Mayo;Fernán Gómez;FFM. CIA ANDANZAS.;13;Teatro y Escénicas
2022;Mayo;Fernán Gómez;FFM. ESTÉVEZ / PAÑOS y COMPAÑÍA;27;Teatro y Escénicas
2022;Mayo;Fernán Gómez;FFM. FINAL CERTAMEN DE COREOGRAFÍA DE DANZA ESPAÑOLA Y FLAMENCO;19;Teatro y Escénicas
2022;Mayo;Fernán Gómez;FFM. JOSELITO ACEDO;29;Música y Conciertos
2022;Mayo;Fernán Gómez;FFM. MERCEDES CÓRDOBA.;25;Teatro y Escénicas
2022;Mayo;Fernán Gómez;FFM. ROSARIO LA TREMENDITA;18;Música y Conciertos
2022;Mayo;Fernán Gómez;FFM. SEMIFINAL 31 CERTAMEN DE COREOGRAFÍA DE DANZA ESPAÑOLA Y FLAMENCO.;8;Teatro y Escénicas
2022;Mayo;Fernán Gómez;FMV. Club Del Río Presenta Lejos Contigo;95;Música y Conciertos
2022;Mayo;Fernán Gómez;FMV. Maria Rodés y Estrella De David. Presenta Contigo;34;Música y Conciertos
2022;Mayo;Fernán Gómez;FMV. Pedro Guerra. Presenta El Viaje;48;Música y Conciertos
2022;Mayo;Fernán Gómez;LA PAURA! (MIEDO!);66;Teatro y Escénicas
2022;Mayo;Fernán Gómez;Moria;78;Teatro y Escénicas
2022;Mayo;Fernán Gómez;Praga, 1941 (Jóvenes Rubios No Paran De Gritar Frente a Mi Casa);98;Teatro y Escénicas
2022;Mayo;Naves Del Español;Animal Negro Tristeza;413;Teatro y Escénicas
2022;Mayo;Naves Del Español;Beethoven#ParaElisa;70;Música y Conciertos
2022;Mayo;Naves Del Español;El Caballero Incierto;108;Teatro y Escénicas
2022;Mayo;Naves Del Español;La Melancolía Del Turista;52;Teatro y Escénicas
2022;Mayo;Naves Del Español;Malvivir;501;Teatro y Escénicas
2022;Mayo;Naves Del Español;TD22 - Gran Final;51;Cultura General
2022;Mayo;Teatro Español;La Casa De Bernarda Alba;1130;Teatro y Escénicas
2022;Mayo;Teatro Español;PF- Plataforma 2 - Ophelia Fractured I Come to the River;66;Teatro y Escénicas
2022;Mayo;Teatro Español;PF- Plataforma 3 - Dolores Con Las Alas Del Amor Salté La t;74;Teatro y Escénicas
2022;Mayo;Teatro Español;PF- Plataforma 4 - 8,56;84;Teatro y Escénicas
2022;Mayo;Teatro Español;PF- Plataforma 5 - Il Nostro Amore Schifo;21;Teatro y Escénicas
2022;Mayo;Teatro Español;TD22 - Primera Semifinal;20;Cultura General
2022;Mayo;Teatro Español;TD22 - Segunda Semifinal;15;Cultura General
2022;Noviembre;Cineteca;¡vaya Líos Con Pierino!;2;Infantil / Familiar
2022;Noviembre;Cineteca;10 Songs for Charity;6;Cine y Audiovisual
2022;Noviembre;Cineteca;Alegrías Riojanas / Sóc Vertical Però M'agradaria Ser Horitzontal;26;Cine y Audiovisual
2022;Noviembre;Cineteca;Alma Anciana;1;Cine y Audiovisual
2022;Noviembre;Cineteca;Arquitecturas Efímeras;6;Cine y Audiovisual
2022;Noviembre;Cineteca;Brainwashed: Sex-Camera-Power;9;Documental
2022;Noviembre;Cineteca;Cortos Disidentes;16;Cine y Audiovisual
2022;Noviembre;Cineteca;Cortos Internacionales I;20;Cine y Audiovisual
2022;Noviembre;Cineteca;Cortos Nacionales II;21;Cine y Audiovisual
2022;Noviembre;Cineteca;De Humani Corporis Fabrica;2;Documental
2022;Noviembre;Cineteca;Domingo y La Niebla;4;Cine y Audiovisual
2022;Noviembre;Cineteca;Edén;5;Cine y Audiovisual
2022;Noviembre;Cineteca;For Ever Mozart;10;Cine y Audiovisual
2022;Noviembre;Cineteca;Historias, Ruinas y Fantasmas;2;Cine y Audiovisual
2022;Noviembre;Cineteca;Homenaje a Emma Cohen;2;Cine y Audiovisual
2022;Noviembre;Cineteca;JLG/JLG - Autoportrait De Décembre;10;Cine y Audiovisual
2022;Noviembre;Cineteca;Knocking;10;Cine y Audiovisual
2022;Noviembre;Cineteca;La Cuina Dels Homes;2;Cine y Audiovisual
2022;Noviembre;Cineteca;La Mala Familia;2;Cine y Audiovisual
2022;Noviembre;Cineteca;Let's Get Lost;7;Documental
2022;Noviembre;Cineteca;Magdalena Viraga;7;Cine y Audiovisual
2022;Noviembre;Cineteca;Milford Graves Full Mantis;26;Documental
2022;Noviembre;Cineteca;Moments Choisis Des Histoire(s) Du Cinéma;5;Cine y Audiovisual
2022;Noviembre;Cineteca;MRGente. Sesión 1;12;Cine y Audiovisual
2022;Noviembre;Cineteca;MRGente. Sesión 2;8;Cine y Audiovisual
2022;Noviembre;Cineteca;MRGente. Sesión 3;10;Cine y Audiovisual
2022;Noviembre;Cineteca;Nosotras Parimos, ¿nosotras Decidimos?;10;Documental
2022;Noviembre;Cineteca;Phantom Love;8;Cine y Audiovisual
2022;Noviembre;Cineteca;Piaffe;9;Cine y Audiovisual
2022;Noviembre;Cineteca;Querida Sara;2;Cine y Audiovisual
2022;Noviembre;Cineteca;Riotsville, USA;5;Documental
2022;Noviembre;Cineteca;Skazka;7;Cine y Audiovisual
2022;Noviembre;Cineteca;Subtotals / Anhell69;11;Cine y Audiovisual
2022;Noviembre;Cineteca;The Bloody Child;26;Cine y Audiovisual
2022;Noviembre;Cineteca;The Spiral / the Cathedral;10;Cine y Audiovisual
2022;Noviembre;Cineteca;Todo a La Vez en Todas Partes;46;Cine y Audiovisual
2022;Noviembre;Cineteca;Travesía Travesti;14;Documental
2022;Noviembre;Cineteca;Ultrainocencia;5;Cine y Audiovisual
2022;Noviembre;Cineteca;Una Revolución Pornográfica;18;Cine y Audiovisual
2022;Noviembre;Cineteca;Vera;4;Cine y Audiovisual
2022;Noviembre;Cineteca;Vías Paralelas;3;Cine y Audiovisual
2022;Noviembre;Cineteca;Viens Je T’emmène;13;Cine y Audiovisual
2022;Noviembre;Circo Price;CIRCO PRICE en NAVIDAD;2;Infantil / Familiar
2022;Noviembre;Circo Price;TWIST;31;Teatro y Escénicas
2022;Noviembre;Condeduque;ALAIN GUIRAUDIE «el DESCONOCIDO DEL LAGO»;11;Cine y Audiovisual
2022;Noviembre;Condeduque;ERNESTO AURIGNAC ENSEMBLE «ya LO DIJO MONJE CRUZ… NÁ ES ETERNO»;3;Música y Conciertos
2022;Noviembre;Condeduque;FRANK RIPPLOH «taxi ZUM KLO»;1;Cine y Audiovisual
2022;Noviembre;Condeduque;MANUEL BORRAZ «dual REALITY»;10;Teatro y Escénicas
2022;Noviembre;Condeduque;MARÍA ARNAL, JOSÉ LUIS DE VICENTE Y EDUARD ESCOFFET «mil SIBILAS»;92;Literatura y Poesía
2022;Noviembre;Condeduque;PABLO REMÓN «barbados en 2022»;115;Cine y Audiovisual
2022;Noviembre;Condeduque;PAOLO FRESU «héroes. HOMENAJE a DAVID BOWIE»;8;Música y Conciertos
2022;Noviembre;Condeduque;TOSHIO MATSUMOTO «funeral PARADE of ROSES»;15;Cine y Audiovisual
2022;Noviembre;Fernán Gómez;Espaldas De Plata;7;Teatro y Escénicas
2022;Noviembre;Fernán Gómez;JM22. Alain Pérez & La Orquesta;77;Música y Conciertos
2022;Noviembre;Fernán Gómez;JM22. Big Band Bob Sands y Quique Gómez;68;Música y Conciertos
2022;Noviembre;Fernán Gómez;JM22. Billy Cobham's Band;114;Música y Conciertos
2022;Noviembre;Fernán Gómez;JM22. Cyrille Aymée;97;Música y Conciertos
2022;Noviembre;Fernán Gómez;JM22. Erik Friedlander;64;Música y Conciertos
2022;Noviembre;Fernán Gómez;JM22. Gonzalo Rubalcaba y Chano Domínguez;100;Música y Conciertos
2022;Noviembre;Fernán Gómez;JM22. Immanuel Wilkins;131;Música y Conciertos
2022;Noviembre;Fernán Gómez;JM22. Ingrid Laubrock & Andy Milne;67;Música y Conciertos
2022;Noviembre;Fernán Gómez;JM22. Kurt Elling Featuring Charlie Hunter;107;Música y Conciertos
2022;Noviembre;Fernán Gómez;JM22. Melissa Aldana Quartet;84;Música y Conciertos
2022;Noviembre;Fernán Gómez;Tea Rooms;202;Teatro y Escénicas
2022;Noviembre;Naves Del Español;Elogio De La Estupidez;627;Teatro y Escénicas
2022;Noviembre;Naves Del Español;True West;223;Teatro y Escénicas
2022;Noviembre;Teatro Español;Alfilerazos;39;Teatro y Escénicas
2022;Noviembre;Teatro Español;El Encanto De Una Hora;141;Teatro y Escénicas
2022;Noviembre;Teatro Español;El Nido Ajeno;28;Teatro y Escénicas
2022;Noviembre;Teatro Español;La Ciudad Alegre y Confiada;35;Teatro y Escénicas
2022;Noviembre;Teatro Español;París 1940;127;Teatro y Escénicas
2022;Noviembre;Teatro Español;Queen Lear;93;Teatro y Escénicas
2022;Octubre;Cineteca;918 Gau / 918 Noches;8;Cine y Audiovisual
2022;Octubre;Cineteca;Al Oriente;2;Documental
2022;Octubre;Cineteca;Araya;4;Cine y Audiovisual
2022;Octubre;Cineteca;CC1682;10;Cine y Audiovisual
2022;Octubre;Cineteca;Competición Internacional De Cortometrajes. Sesión 1;30;Cine y Audiovisual
2022;Octubre;Cineteca;Competición Internacional De Cortometrajes. Sesión 2;29;Cine y Audiovisual
2022;Octubre;Cineteca;El Rezador;1;Cine y Audiovisual
2022;Octubre;Cineteca;El Río;11;Cine y Audiovisual
2022;Octubre;Cineteca;En Residencia. Programa Abierto (I);1;Cine y Audiovisual
2022;Octubre;Cineteca;En Residencia. Programa Abierto (II);2;Cine y Audiovisual
2022;Octubre;Cineteca;Havana Divas;1;Documental
2022;Octubre;Cineteca;Huracán Sobre La Isla (the Hurricane);5;Cine y Audiovisual
2022;Octubre;Cineteca;I Eat Your Skin;2;Cine y Audiovisual
2022;Octubre;Cineteca;Invisible Demons;6;Documental
2022;Octubre;Cineteca;La Caza Del León Con Arco;7;Cine y Audiovisual
2022;Octubre;Cineteca;La Leyenda Del Rey Cangrejo;19;Cine y Audiovisual
2022;Octubre;Cineteca;Las Nieves Del Kilimanjaro;6;Cine y Audiovisual
2022;Octubre;Cineteca;Last Days at Sea;6;Documental
2022;Octubre;Cineteca;Los Amos Locos + Las Viudas De Quince Años;13;Cine y Audiovisual
2022;Octubre;Cineteca;Los Hermosos Vencidos;9;Cine y Audiovisual
2022;Octubre;Cineteca;Marcel the Shell with Shoes on;21;Cine y Audiovisual
2022;Octubre;Cineteca;Mariupolis 2;5;Documental
2022;Octubre;Cineteca;Mientras Localizamos;2;Cine y Audiovisual
2022;Octubre;Cineteca;Nanook, El Esquimal;10;Documental
2022;Octubre;Cineteca;No Hay Camino;3;Cine y Audiovisual
2022;Octubre;Cineteca;Orientalismos 1. Presentación;6;Cultura General
2022;Octubre;Cineteca;Ostrov - Lost Island;2;Cine y Audiovisual
2022;Octubre;Cineteca;Pandora y El Holandés Errante;11;Cine y Audiovisual
2022;Octubre;Cineteca;Poco a Poco;2;Cine y Audiovisual
2022;Octubre;Cineteca;Rebellion;5;Cine y Audiovisual
2022;Octubre;Cineteca;Shallow;3;Cine y Audiovisual
2022;Octubre;Cineteca;Territorio Doméstico;10;Cine y Audiovisual
2022;Octubre;Cineteca;The Great Green Wall;5;Documental
2022;Octubre;Cineteca;Tolyatti Adrift;8;Cine y Audiovisual
2022;Octubre;Cineteca;Trance;5;Cine y Audiovisual
2022;Octubre;Cineteca;Unicorn Wars;17;Cine y Audiovisual
2022;Octubre;Cineteca;Urak Aske: Eliminar Presas, Restaurar Ríos;2;Documental
2022;Octubre;Circo Price;TWIST;250;Teatro y Escénicas
2022;Octubre;Condeduque;ADRIÁN FOULKES «parenthesis»;23;Teatro y Escénicas
2022;Octubre;Condeduque;ANNE WALDMAN «para SER ESTRELLA a MEDIANOCHE»;37;Literatura y Poesía
2022;Octubre;Condeduque;CHERYL DUNYE «the WATERMELON WOMAN»;6;Cine y Audiovisual
2022;Octubre;Condeduque;DORA GARCÍA Y AUTORES INVITADOS «el BICHO»;21;Cine y Audiovisual
2022;Octubre;Condeduque;EVA NEYMANN «pryvoz»;6;Cine y Audiovisual
2022;Octubre;Condeduque;ISRAEL GALVÁN «seises»;100;Teatro y Escénicas
2022;Octubre;Condeduque;LUIS MARÍA DELGADO «diferente»;3;Teatro y Escénicas
2022;Octubre;Condeduque;"MARÍA JEREZ & EDURNE RUBIO «a NUBLO. 40°25'37.6""N 3°42'42.1""W»";20;Teatro y Escénicas
2022;Octubre;Condeduque;PEDRO MAFAMA «por ESTE RIO ABAIXO»;23;Música y Conciertos
2022;Octubre;Condeduque;TARTA RELENA + COCANHA + LOS SARA FONTÁN «4132314»;27;Música y Conciertos
2022;Octubre;Fernán Gómez;El Misántropo De Menandro;187;Teatro y Escénicas
2022;Octubre;Fernán Gómez;Proyecto Brújula II;13;Teatro y Escénicas
2022;Octubre;Fernán Gómez;Tea Rooms;3;Teatro y Escénicas
2022;Octubre;Naves Del Español;Celebración;3;Teatro y Escénicas
2022;Octubre;Teatro Español;El Encanto De Una Hora;254;Teatro y Escénicas
2022;Octubre;Teatro Español;La Noria Invisible;82;Teatro y Escénicas
2022;Octubre;Teatro Español;Queen Lear;387;Teatro y Escénicas
2022;Septiembre;Cineteca;Ama;5;Cine y Audiovisual
2022;Septiembre;Cineteca;Brutal Moods;11;Cine y Audiovisual
2022;Septiembre;Cineteca;Candela;11;Cine y Audiovisual
2022;Septiembre;Cineteca;Carajita;7;Cine y Audiovisual
2022;Septiembre;Cineteca;Chicas en Kerala;1;Documental
2022;Septiembre;Cineteca;Confesiones [sesión De Cortometrajes];14;Cine y Audiovisual
2022;Septiembre;Cineteca;Dejen De Prohibir Que No Alcanzo a Desobedecer Todo;1;Cine y Audiovisual
2022;Septiembre;Cineteca;Easy Rider (Buscando Mi Destino);10;Cine y Audiovisual
2022;Septiembre;Cineteca;El Corazón De Europa;2;Cine y Audiovisual
2022;Septiembre;Cineteca;El Secreto Del Doctor Grinberg;5;Documental
2022;Septiembre;Cineteca;El Vientre De Europa;3;Cine y Audiovisual
2022;Septiembre;Cineteca;Escribir Lo Imposible;1;Cine y Audiovisual
2022;Septiembre;Cineteca;Funeral Parade of Roses;42;Cine y Audiovisual
2022;Septiembre;Cineteca;Just Like at Home;3;Cine y Audiovisual
2022;Septiembre;Cineteca;La Fiera y La Fiesta;4;Cine y Audiovisual
2022;Septiembre;Cineteca;La Mamá y La Puta;16;Cine y Audiovisual
2022;Septiembre;Cineteca;Las Herederas;9;Cine y Audiovisual
2022;Septiembre;Cineteca;Liborio;14;Cine y Audiovisual
2022;Septiembre;Cineteca;Lions Love;18;Cine y Audiovisual
2022;Septiembre;Cineteca;Mutual Appreciation;6;Cine y Audiovisual
2022;Septiembre;Cineteca;Noche De Vino Tinto;16;Cine y Audiovisual
2022;Septiembre;Cineteca;Norberaren Gela (Una Habitación Propia);2;Cine y Audiovisual
2022;Septiembre;Cineteca;Nueve Meses;12;Cine y Audiovisual
2022;Septiembre;Cineteca;Rafaela;2;Cine y Audiovisual
2022;Septiembre;Cineteca;Riddance;9;Cine y Audiovisual
2022;Septiembre;Cineteca;Sender Barayón. Viaje Hacia La Luz;7;Cine y Audiovisual
2022;Septiembre;Cineteca;Sesión De Cortometrajes 1 - Directed by Women Spain;19;Cine y Audiovisual
2022;Septiembre;Cineteca;Sesión De Cortometrajes 2 - Directed by Women Spain;9;Cine y Audiovisual
2022;Septiembre;Cineteca;Sinestesias;4;Cine y Audiovisual
2022;Septiembre;Cineteca;The Last Movie;12;Cine y Audiovisual
2022;Septiembre;Cineteca;The Two of Them;7;Cine y Audiovisual
2022;Septiembre;Cineteca;Una Película Sobre Parejas;5;Cine y Audiovisual
2022;Septiembre;Cineteca;Vals De Santo Domingo;8;Cine y Audiovisual
2022;Septiembre;Circo Price;Eufórica (Réquiem en Dopamina);97;Teatro y Escénicas
2022;Septiembre;Circo Price;FIRCO 2022;226;Teatro y Escénicas
2022;Septiembre;Condeduque;FESTIVAL BLAM !!! 2022;272;Música y Conciertos
2022;Septiembre;Naves Del Español;Celebración;82;Teatro y Escénicas
2022;Septiembre;Naves Del Español;La Luna en Un Cazo;62;Teatro y Escénicas
2022;Septiembre;Naves Del Español;La Voluntad De Creer;442;Teatro y Escénicas
2022;Septiembre;Teatro Español;La Noria Invisible;323;Teatro y Escénicas
2022;Septiembre;Teatro Español;Queen Lear;395;Teatro y Escénicas
2023;Enero;Circo Price;CIRCO PRICE en NAVIDAD;59;Infantil / Familiar
2023;Febrero;Circo Price;GALA INTERNACIONAL DE MAGIA en ESCENA;247;Infantil / Familiar
2023;Febrero;Circo Price;MAGIA DE CERCA;43;Infantil / Familiar
2023;Marzo;Circo Price;EL VENTRÍLOCUO;34;Teatro y Escénicas
2023;Marzo;Circo Price;GALA INTERNACIONAL DE MAGIA en ESCENA;233;Infantil / Familiar
2023;Marzo;Circo Price;LA REINA DEL ARGA;11;Teatro y Escénicas
2023;Marzo;Circo Price;MELODÍAS PROHIBIDAS;46;Teatro y Escénicas
2023;Abril;Circo Price;MASA MADRE;26;Teatro y Escénicas
2023;Abril;Circo Price;PETER Y WENDY RUMBO a NUNCA JAMÁS;164;Infantil / Familiar
2023;Mayo;Circo Price;HUMANIDAD;91;Teatro y Escénicas
2023;Junio;Circo Price;ENARMONIA;11;Música y Conciertos
2023;Junio;Circo Price;UBUNTU Y ACCIÓN!!!;14;Teatro y Escénicas
2023;Enero;Naves Del Español en Matadero;Amistad;7;Teatro y Escénicas
2023;Enero;Naves Del Español en Matadero;El Pozo De Los Mil Demonios;47;Teatro y Escénicas
2023;Enero;Naves Del Español en Matadero;La Florida;329;Teatro y Escénicas
2023;Enero;Naves Del Español en Matadero;La Sumisión y El Porvenir Está en Los Huevos;127;Teatro y Escénicas
2023;Febrero;Naves Del Español en Matadero;Amistad;400;Teatro y Escénicas
2023;Febrero;Naves Del Español en Matadero;Gloria Albalate;16;Teatro y Escénicas
2023;Febrero;Naves Del Español en Matadero;Julia Rubio;12;Teatro y Escénicas
2023;Febrero;Naves Del Español en Matadero;Los Nadadores Diurnos (Salón De Belleza);429;Teatro y Escénicas
2023;Febrero;Naves Del Español en Matadero;Maria Pascual;23;Teatro y Escénicas
2023;Febrero;Naves Del Español en Matadero;Silvia Marsó en 'Blues & Roots' Con Del Toro Blues Band;20;Música y Conciertos
2023;Marzo;Naves Del Español en Matadero;Amistad;59;Teatro y Escénicas
2023;Marzo;Naves Del Español en Matadero;Coronada y El Toro;170;Teatro y Escénicas
2023;Marzo;Naves Del Español en Matadero;Itziar Castro;45;Teatro y Escénicas
2023;Marzo;Naves Del Español en Matadero;Livianas Provincianas;7;Teatro y Escénicas
2023;Marzo;Naves Del Español en Matadero;Los Nadadores Diurnos (Salón De Belleza);125;Teatro y Escénicas
2023;Marzo;Naves Del Español en Matadero;Uz: El Pueblo;367;Teatro y Escénicas
2023;Abril;Naves Del Español en Matadero;Coronada y El Toro;135;Teatro y Escénicas
2023;Abril;Naves Del Español en Matadero;El Público;234;Teatro y Escénicas
2023;Abril;Naves Del Español en Matadero;Livianas Provincianas;86;Teatro y Escénicas
2023;Abril;Naves Del Español en Matadero;Uz: El Pueblo;295;Teatro y Escénicas
2023;Mayo;Naves Del Español en Matadero;El Público;283;Teatro y Escénicas
2023;Mayo;Naves Del Español en Matadero;Europa;190;Teatro y Escénicas
2023;Mayo;Naves Del Español en Matadero;Gran Final. VII Torneo De Dramaturgia;59;Teatro y Escénicas
2023;Mayo;Naves Del Español en Matadero;Los Santos Inocentes;318;Teatro y Escénicas
2023;Mayo;Naves Del Español en Matadero;Uz: El Pueblo;68;Teatro y Escénicas
2023;Mayo;Naves Del Español en Matadero;Vacío;2;Teatro y Escénicas
2023;Junio;Naves Del Español en Matadero;Continente María;51;Teatro y Escénicas
2023;Junio;Naves Del Español en Matadero;Eclipse;44;Teatro y Escénicas
2023;Junio;Naves Del Español en Matadero;Europa;95;Teatro y Escénicas
2023;Junio;Naves Del Español en Matadero;Flores y Viajes;14;Teatro y Escénicas
2023;Junio;Naves Del Español en Matadero;Fráxil. Handle with Care;13;Teatro y Escénicas
2023;Junio;Naves Del Español en Matadero;Los Santos Inocentes;10;Teatro y Escénicas
2023;Enero;Teatro Español;Espectros;101;Teatro y Escénicas
2023;Enero;Teatro Español;La Importancia De Llamarse Ernesto;548;Teatro y Escénicas
2023;Enero;Teatro Español;París 1940;64;Teatro y Escénicas
2023;Enero;Teatro Español;Sobre La Vida De Los Animales;127;Teatro y Escénicas
2023;Febrero;Teatro Español;Espectros;353;Teatro y Escénicas
2023;Febrero;Teatro Español;La Importancia De Llamarse Ernesto;302;Teatro y Escénicas
2023;Marzo;Teatro Español;Don Ramón María Del Valle-Inclán;453;Teatro y Escénicas
2023;Marzo;Teatro Español;Espectros;45;Teatro y Escénicas
2023;Marzo;Teatro Español;La Habitación Blanca;373;Teatro y Escénicas
2023;Abril;Teatro Español;Don Ramón María Del Valle-Inclán;53;Teatro y Escénicas
2023;Abril;Teatro Español;La Carne;100;Teatro y Escénicas
2023;Abril;Teatro Español;La Habitación Blanca;13;Teatro y Escénicas
2023;Abril;Teatro Español;Maryvonne;45;Teatro y Escénicas
2023;Abril;Teatro Español;Primer Combate Cuartos De Final. VII Torneo De Dramaturgia;29;Teatro y Escénicas
2023;Abril;Teatro Español;Romeo y Julieta Despiertan...;237;Teatro y Escénicas
2023;Abril;Teatro Español;Segundo Combate De Cuartos De Final. VII Torneo De Dramaturgia;24;Teatro y Escénicas
2023;Abril;Teatro Español;Tercer Combate De Cuartos De Final. VII Torneo De Dramaturgia;14;Teatro y Escénicas
2023;Mayo;Teatro Español;¿café Con Azúcar?;40;Teatro y Escénicas
2023;Mayo;Teatro Español;Adiós, Paca;96;Teatro y Escénicas
2023;Mayo;Teatro Español;Cuarto Combate De Cuartos De Final. VII Torneo De Dramaturgia;31;Teatro y Escénicas
2023;Mayo;Teatro Español;Cucaracha Con Paisaje De Fondo;3;Teatro y Escénicas
2023;Mayo;Teatro Español;Johnny Chico;135;Teatro y Escénicas
2023;Mayo;Teatro Español;Primera Semifinal. VII Torneo De Dramaturgia;21;Teatro y Escénicas
2023;Mayo;Teatro Español;Romeo y Julieta Despiertan...;314;Teatro y Escénicas
2023;Mayo;Teatro Español;Segunda Semifinal. VII Torneo De Dramaturgia;25;Teatro y Escénicas
2023;Junio;Teatro Español;El Sueño De La Razón;365;Teatro y Escénicas
2023;Junio;Teatro Español;Psicosis 4.48;463;Teatro y Escénicas
2023;Junio;Teatro Español;Romeo y Julieta Despiertan...;53;Teatro y Escénicas
2023;Enero;Cineteca;Antes De La Revolución;6;Cine y Audiovisual
2023;Enero;Cineteca;Camino Incierto;1;Cine y Audiovisual
2023;Enero;Cineteca;Cortos De Goya 2023 (II);33;Cine y Audiovisual
2023;Enero;Cineteca;Derrida;16;Documental
2023;Enero;Cineteca;Dublineses (Los Muertos);17;Cine y Audiovisual
2023;Enero;Cineteca;El Ángel Exterminador;29;Cine y Audiovisual
2023;Enero;Cineteca;El Filmador;7;Cine y Audiovisual
2023;Enero;Cineteca;El Hombre De La Cámara;20;Cine y Audiovisual
2023;Enero;Cineteca;El Hombre Que Mató a Liberty Valance;10;Cine y Audiovisual
2023;Enero;Cineteca;El Malvado Zaroff;7;Cine y Audiovisual
2023;Enero;Cineteca;Fellini, Ocho y Medio;46;Cine y Audiovisual
2023;Enero;Cineteca;Harun Farocki y Kevin B. Lee: Plano y Contraplano;15;Documental
2023;Enero;Cineteca;Her;46;Cine y Audiovisual
2023;Enero;Cineteca;La Diligencia;12;Cine y Audiovisual
2023;Enero;Cineteca;La Dolce Vita;41;Cine y Audiovisual
2023;Enero;Cineteca;Los Años De Super 8;39;Cine y Audiovisual
2023;Enero;Cineteca;Los Pantanos De Zanzíbar;3;Cine y Audiovisual
2023;Enero;Cineteca;N De Negri;8;Cine y Audiovisual
2023;Enero;Cineteca;Narcotic / Maniac;6;Cine y Audiovisual
2023;Enero;Cineteca;Orlando;25;Cine y Audiovisual
2023;Enero;Cineteca;Peter Weiss. Selección De Cortometrajes (1);12;Cine y Audiovisual
2023;Enero;Cineteca;Peter Weiss. Selección De Cortometrajes (2);7;Cine y Audiovisual
2023;Enero;Cineteca;Quién Mató a Walter Benjamin…;6;Documental
2023;Enero;Cineteca;Sobre La Historia Natural De La Destrucción;5;Documental
2023;Enero;Cineteca;Stromboli, Tierra De Dios;14;Cine y Audiovisual
2023;Enero;Cineteca;Un Cielo Impasible;9;Cine y Audiovisual
2023;Enero;Cineteca;Utama;7;Cine y Audiovisual
2023;Enero;Cineteca;Vida Férrea;1;Cine y Audiovisual
2023;Enero;Cineteca;Vivir;24;Cine y Audiovisual
2023;Enero;Cineteca;Vivir Su Vida;23;Cine y Audiovisual
2023;Enero;Cineteca;Wan Xia;2;Cine y Audiovisual
2023;Enero;Cineteca;Zizek!;18;Documental
2023;Enero;Cineteca;Zur Ansicht: Peter Weiss;4;Cine y Audiovisual
2023;Febrero;Cineteca;[rec];23;Cine y Audiovisual
2023;Febrero;Cineteca;A Noiva;1;Cine y Audiovisual
2023;Febrero;Cineteca;Ainu Mosir;2;Cine y Audiovisual
2023;Febrero;Cineteca;Brother;7;Cine y Audiovisual
2023;Febrero;Cineteca;Capítulo I: Inicios (Cuando El Futuro Escuchaba El Pasado);3;Cine y Audiovisual
2023;Febrero;Cineteca;Cowboy Bebop, La Película: Llamando a Las Puertas Del Cielo;27;Cine y Audiovisual
2023;Febrero;Cineteca;Demonlover;13;Cine y Audiovisual
2023;Febrero;Cineteca;Disturbios (Unrueh);24;Cine y Audiovisual
2023;Febrero;Cineteca;Dogville;40;Cine y Audiovisual
2023;Febrero;Cineteca;El Congreso;4;Cine y Audiovisual
2023;Febrero;Cineteca;El Filmador;1;Cine y Audiovisual
2023;Febrero;Cineteca;Elephant;24;Cine y Audiovisual
2023;Febrero;Cineteca;Elle;13;Cine y Audiovisual
2023;Febrero;Cineteca;Falcon Lake;10;Cine y Audiovisual
2023;Febrero;Cineteca;Inu-Oh;18;Cine y Audiovisual
2023;Febrero;Cineteca;Killing (Zan);4;Cine y Audiovisual
2023;Febrero;Cineteca;La Amiga De Mi Amiga;54;Cine y Audiovisual
2023;Febrero;Cineteca;Las Cercanas;19;Cine y Audiovisual
2023;Febrero;Cineteca;Les Oiseaux Ivres;7;Cine y Audiovisual
2023;Febrero;Cineteca;Level Five;19;Cine y Audiovisual
2023;Febrero;Cineteca;Mes Petites Amoureuses;29;Cine y Audiovisual
2023;Febrero;Cineteca;On-Gaku: Our Sound;5;Cine y Audiovisual
2023;Febrero;Cineteca;Riceboy Sleeps;4;Cine y Audiovisual
2023;Febrero;Cineteca;Robin Bank;10;Documental
2023;Febrero;Cineteca;Rompenieves;16;Cine y Audiovisual
2023;Febrero;Cineteca;Scott Pilgrim Contra El Mundo;29;Cine y Audiovisual
2023;Febrero;Cineteca;Shape of Red;7;Cine y Audiovisual
2023;Febrero;Cineteca;Shooting for Mirza;5;Cine y Audiovisual
2023;Febrero;Cineteca;Speed Racer;21;Cine y Audiovisual
2023;Febrero;Cineteca;Steamboy;13;Cine y Audiovisual
2023;Febrero;Cineteca;Susurros Del Corazón;57;Cine y Audiovisual
2023;Febrero;Cineteca;Tengo Sueños Eléctricos;29;Cine y Audiovisual
2023;Febrero;Cineteca;Tron;7;Cine y Audiovisual
2023;Febrero;Cineteca;You Can Live Forever;25;Cine y Audiovisual
2023;Marzo;Cineteca;¡olvidad a Tosquelles!;3;Documental
2023;Marzo;Cineteca;Aparajito (El Invencible);18;Cine y Audiovisual
2023;Marzo;Cineteca;Apur Sansar (El Mundo De Apu);15;Cine y Audiovisual
2023;Marzo;Cineteca;Capítulo II: Visiones (Música Para Los Ojos);8;Cine y Audiovisual
2023;Marzo;Cineteca;Chocolat;5;Cine y Audiovisual
2023;Marzo;Cineteca;Cine Educativo… o Algo Así;6;Cultura General
2023;Marzo;Cineteca;Cúmulos. Ayudas Injuve Para La Creación Joven. Artes Visuales 2021-2022;1;Cultura General
2023;Marzo;Cineteca;Dalva;3;Cine y Audiovisual
2023;Marzo;Cineteca;Daughters of the Dust;10;Cine y Audiovisual
2023;Marzo;Cineteca;Dinero X Sexo;8;Cine y Audiovisual
2023;Marzo;Cineteca;ECAM: Reivindicando El Error (II);5;Cultura General
2023;Marzo;Cineteca;El Club De Los Poetas Muertos;52;Cine y Audiovisual
2023;Marzo;Cineteca;El Espejo;29;Cine y Audiovisual
2023;Marzo;Cineteca;Fuego Fatuo;32;Cine y Audiovisual
2023;Marzo;Cineteca;Hôtel Monterey;24;Cine y Audiovisual
2023;Marzo;Cineteca;Human Flowers of Flesh;6;Cine y Audiovisual
2023;Marzo;Cineteca;Kuessipan;3;Cine y Audiovisual
2023;Marzo;Cineteca;La Ciénaga;7;Cine y Audiovisual
2023;Marzo;Cineteca;La Infancia De Iván;7;Cine y Audiovisual
2023;Marzo;Cineteca;La Invitación;1;Cine y Audiovisual
2023;Marzo;Cineteca;La Paresse / Hôtel Des Acacias;17;Cine y Audiovisual
2023;Marzo;Cineteca;Las Paredes Hablan;9;Documental
2023;Marzo;Cineteca;LAV;6;Cine y Audiovisual
2023;Marzo;Cineteca;Lecciones Perdidas De Andréi Tarkovski (I);5;Cultura General
2023;Marzo;Cineteca;Lecciones Perdidas De Andréi Tarkovski (II);11;Cultura General
2023;Marzo;Cineteca;Lecciones Perdidas De Andréi Tarkovski (III);9;Cultura General
2023;Marzo;Cineteca;Lingui. Les Liens Sacrés;2;Cine y Audiovisual
2023;Marzo;Cineteca;Los Caballos Mueren Al Amanecer;11;Cine y Audiovisual
2023;Marzo;Cineteca;Los Días Blancos. Apuntes Sobre El Rodaje De Nostalghia, De Andréi Tarkovski;1;Documental
2023;Marzo;Cineteca;News from Home;20;Cine y Audiovisual
2023;Marzo;Cineteca;No Home Movie;15;Documental
2023;Marzo;Cineteca;Otto the Barbarian;4;Cine y Audiovisual
2023;Marzo;Cineteca;Pather Panchali (La Canción Del Camino);18;Cine y Audiovisual
2023;Marzo;Cineteca;Qué Planeta Reinaría;7;Cine y Audiovisual
2023;Marzo;Cineteca;Queridas Viejas, Editando a Gombrich. Sesión 20. Filmoteca De Cantabria, Santander, 24 Nov. 2020;8;Cultura General
2023;Marzo;Cineteca;Room Without a View;6;Cine y Audiovisual
2023;Marzo;Cineteca;Saute Ma Ville / LE 15/8;18;Cine y Audiovisual
2023;Marzo;Cineteca;Ser y Tener;7;Documental
2023;Marzo;Cineteca;Sesión Hamaca;2;Cine y Audiovisual
2023;Marzo;Cineteca;Shooting for Mirza;3;Cine y Audiovisual
2023;Marzo;Cineteca;Solaris;58;Cine y Audiovisual
2023;Marzo;Cineteca;Toute Une Nuit;35;Cine y Audiovisual
2023;Marzo;Cineteca;Yo, Tú, Él, Ella;45;Cine y Audiovisual
2023;Abril;Cineteca;Octubre;27;Cine y Audiovisual
2023;Abril;Cineteca;Alteritats;21;Teatro y Escénicas
2023;Abril;Cineteca;Campo De Jogo;4;Cine y Audiovisual
2023;Abril;Cineteca;Capital;21;Cine y Audiovisual
2023;Abril;Cineteca;Capítulo III: Aguas Mil (El Fluir De Lo Sonoro);10;Cine y Audiovisual
2023;Abril;Cineteca;Cinema Novo;2;Documental
2023;Abril;Cineteca;Cortos Internacionales;8;Cine y Audiovisual
2023;Abril;Cineteca;Fuego Fatuo;5;Cine y Audiovisual
2023;Abril;Cineteca;Human Flowers of Flesh;8;Cine y Audiovisual
2023;Abril;Cineteca;Humor Feminista;6;Teatro y Escénicas
2023;Abril;Cineteca;Iberoamerican Trilogy;1;Cine y Audiovisual
2023;Abril;Cineteca;Inmotep;42;Cine y Audiovisual
2023;Abril;Cineteca;La Fuga De Logan;10;Cine y Audiovisual
2023;Abril;Cineteca;La Huelga;14;Cine y Audiovisual
2023;Abril;Cineteca;La Naranja Mecánica;39;Cine y Audiovisual
2023;Abril;Cineteca;L'amour à La Mer;23;Cine y Audiovisual
2023;Abril;Cineteca;Le Clair De Terre;11;Cine y Audiovisual
2023;Abril;Cineteca;Lo Viejo y Lo Nuevo (La Línea General);15;Cine y Audiovisual
2023;Abril;Cineteca;Luminum;7;Cine y Audiovisual
2023;Abril;Cineteca;Miracol;1;Cine y Audiovisual
2023;Abril;Cineteca;R.M.N.;7;Cine y Audiovisual
2023;Abril;Cineteca;Rimini;19;Cine y Audiovisual
2023;Abril;Cineteca;Siempre en El Recuerdo;13;Cine y Audiovisual
2023;Abril;Cineteca;Sparta;20;Cine y Audiovisual
2023;Abril;Cineteca;Time to Love;5;Cine y Audiovisual
2023;Mayo;Cineteca;A Los Libros y a Las Mujeres Canto;5;Cine y Audiovisual
2023;Mayo;Cineteca;Anhell69;28;Cine y Audiovisual
2023;Mayo;Cineteca;Antonio Canales, Bailaor;4;Teatro y Escénicas
2023;Mayo;Cineteca;Bless Their Little Hearts;4;Cine y Audiovisual
2023;Mayo;Cineteca;Bloom + Los Saldos;7;Cine y Audiovisual
2023;Mayo;Cineteca;Caminos De Liberación + Mis Universo en El Perú;4;Cine y Audiovisual
2023;Mayo;Cineteca;Capítulo IV. Al Pie De La Letra: Entre Música y Palabra;4;Cine y Audiovisual
2023;Mayo;Cineteca;Chicas De Mayo;18;Documental
2023;Mayo;Cineteca;Chienne De Rouge;3;Cine y Audiovisual
2023;Mayo;Cineteca;Criando Cuervos;1;Cine y Audiovisual
2023;Mayo;Cineteca;De Humani Corporis Fabrica;6;Documental
2023;Mayo;Cineteca;El Trío en Mi Bemol;11;Teatro y Escénicas
2023;Mayo;Cineteca;Film About a Woman Who…;2;Cine y Audiovisual
2023;Mayo;Cineteca;Finding Christa;1;Documental
2023;Mayo;Cineteca;Hafreiat;3;Cine y Audiovisual
2023;Mayo;Cineteca;How to Save a Dead Friend;22;Documental
2023;Mayo;Cineteca;Idhi Katha Matramena + Molkarin + Tambuku Chaakila Oob Ali;2;Cine y Audiovisual
2023;Mayo;Cineteca;Journeys from Berlin/1971;5;Cine y Audiovisual
2023;Mayo;Cineteca;Jusqu’ici, Tout Va;6;Cine y Audiovisual
2023;Mayo;Cineteca;Karpeta Urdinaki (Carpetas Azules);2;Cine y Audiovisual
2023;Mayo;Cineteca;Kill the Spiders. Sesión 2;6;Cine y Audiovisual
2023;Mayo;Cineteca;Kristina Talking Pictures;3;Cine y Audiovisual
2023;Mayo;Cineteca;La Conexión;2;Cine y Audiovisual
2023;Mayo;Cineteca;La Mala Familia;29;Cine y Audiovisual
2023;Mayo;Cineteca;La Muerte De La Utopía;2;Cine y Audiovisual
2023;Mayo;Cineteca;Laberint Sequences + Las Órdenes + Statistical Hallucination + Oído Odio;12;Cine y Audiovisual
2023;Mayo;Cineteca;Let There be Light;4;Cine y Audiovisual
2023;Mayo;Cineteca;Lives of Performers;9;Cine y Audiovisual
2023;Mayo;Cineteca;Lo Que No Fue + Historia De Un Secreto;3;Cine y Audiovisual
2023;Mayo;Cineteca;Los Hombres De Mayo Del 68;4;Documental
2023;Mayo;Cineteca;Losing Ground;4;Cine y Audiovisual
2023;Mayo;Cineteca;Murder and Murder;6;Cine y Audiovisual
2023;Mayo;Cineteca;My Brother’s Wedding;2;Cine y Audiovisual
2023;Mayo;Cineteca;Nam June Paik: Moon is the Oldest Tv;7;Cine y Audiovisual
2023;Mayo;Cineteca;Ornette: Made in America;5;Documental
2023;Mayo;Cineteca;Portrait of Jason;0;Documental
2023;Mayo;Cineteca;Privilege;3;Cine y Audiovisual
2023;Mayo;Cineteca;Suzanne, Suzanne + Older Women and Love;1;Documental
2023;Mayo;Cineteca;Take Your Bags + a String of Pearls;4;Cine y Audiovisual
2023;Mayo;Cineteca;The Alchemical Body;4;Cine y Audiovisual
2023;Mayo;Cineteca;The KKK Boutique Ain´t Just Rednecks;4;Documental
2023;Mayo;Cineteca;The Man Who Envied Women;1;Cine y Audiovisual
2023;Mayo;Cineteca;The March on Rome;4;Documental
2023;Mayo;Cineteca;The Newest Olds + Knit’s Island;7;Cine y Audiovisual
2023;Mayo;Cineteca;The Secret Garden + É Noite Na América;7;Cine y Audiovisual
2023;Mayo;Cineteca;Time to Love;10;Cine y Audiovisual
2023;Mayo;Cineteca;Un Cubo De Sangre;5;Cine y Audiovisual
2023;Mayo;Cineteca;Una Zona Ajardinada Demasiado Tranquila Para Mí;9;Cine y Audiovisual
2023;Mayo;Cineteca;Voces en La Noche;4;Cine y Audiovisual
2023;Junio;Cineteca;¿qué Es Una Imagen?;7;Cultura General
2023;Junio;Cineteca;A Woman Scapes;11;Cine y Audiovisual
2023;Junio;Cineteca;Amando a Highsmith + Conversación Con Carlos Boyero y Juanjo Millás;1;Cine y Audiovisual
2023;Junio;Cineteca;Aplazamiento / en Comparación;0;Cine y Audiovisual
2023;Junio;Cineteca;Black Stone;1;Cine y Audiovisual
2023;Junio;Cineteca;Bread and Salt;4;Cine y Audiovisual
2023;Junio;Cineteca;Capítulo V: Más Allá De Las Ondas (Experimentalismos Radiofónicos);6;Cultura General
2023;Junio;Cineteca;Casa Susanna;6;Documental
2023;Junio;Cineteca;Cortos Orgullo LGTBIQ+;14;Cine y Audiovisual
2023;Junio;Cineteca;El Acto De Mirar;5;Cine y Audiovisual
2023;Junio;Cineteca;El Fantástico Caso Del Golem;146;Cine y Audiovisual
2023;Junio;Cineteca;El Fuego Inextinguible / Las Imágenes Del Mundo y La Inscripción De Guerra;4;Cine y Audiovisual
2023;Junio;Cineteca;El Káiser De La Atlántida;2;Teatro y Escénicas
2023;Junio;Cineteca;Esta Es Mi Vida;3;Documental
2023;Junio;Cineteca;Gad Yola: El Drag Es Marrón;17;Teatro y Escénicas
2023;Junio;Cineteca;H;16;Cine y Audiovisual
2023;Junio;Cineteca;Imágenes De Prisión / Parallel I-IV;4;Cine y Audiovisual
2023;Junio;Cineteca;In the Court of the Crimson King: King Crimson at 50;11;Documental
2023;Junio;Cineteca;La Memoria Escondida;4;Cine y Audiovisual
2023;Junio;Cineteca;La Quietud en La Tormenta;9;Cine y Audiovisual
2023;Junio;Cineteca;La Tercera Luna;1;Cine y Audiovisual
2023;Junio;Cineteca;Las Alegres Chicas De El Molino;1;Cine y Audiovisual
2023;Junio;Cineteca;Les Meilleures;1;Cine y Audiovisual
2023;Junio;Cineteca;Lúa, Techno y Lo Que Queda De Él + a Date in Minsk;14;Cine y Audiovisual
2023;Junio;Cineteca;Matar Cangrejos;21;Cine y Audiovisual
2023;Junio;Cineteca;Meet Me in the Bathroom + Conversación Con Ray Loriga, Tulsa, Juan Soto Ivars y Coque Malla;4;Documental
2023;Junio;Cineteca;My Crasy Life;2;Cine y Audiovisual
2023;Junio;Cineteca;Naturaleza Muerta / Un Nuevo Producto;5;Cine y Audiovisual
2023;Junio;Cineteca;O Canto Das Amapolas;4;Cine y Audiovisual
2023;Junio;Cineteca;Para Su Tranquilidad, Haga Su Propio Museo;1;Cine y Audiovisual
2023;Junio;Cineteca;Políticas De La Apariencia;3;Cine y Audiovisual
2023;Junio;Cineteca;Poniponchi, Una Chica Cuasi Perfesta;1;Cine y Audiovisual
2023;Junio;Cineteca;Poto and Cabengo;4;Documental
2023;Junio;Cineteca;Remember to Blink;5;Cine y Audiovisual
2023;Junio;Cineteca;Retratos De Cineastas;5;Cine y Audiovisual
2023;Junio;Cineteca;Routine Pleasures;3;Cine y Audiovisual
2023;Junio;Cineteca;Secaderos;47;Cine y Audiovisual
2023;Junio;Cineteca;Summer of Soul;13;Documental
2023;Junio;Cineteca;Suzhou River (4k);45;Cine y Audiovisual
2023;Junio;Cineteca;Taxi Driver;31;Cine y Audiovisual
2023;Junio;Cineteca;Toda Una Vida;9;Cine y Audiovisual
2023;Junio;Cineteca;Toro Salvaje (4k);47;Cine y Audiovisual
2023;Junio;Cineteca;Trenque Lauquen;14;Cine y Audiovisual
2023;Junio;Cineteca;Videogramas De Una Revolución;11;Cine y Audiovisual
2023;Junio;Cineteca;Volverse Líquido;3;Cine y Audiovisual
2023;Junio;Cineteca;Wild Romania;4;Documental
2023;Enero;Condeduque;CRIS BLANCO «grandissima ILLUSIONE»;28;Teatro y Escénicas
2023;Enero;Condeduque;MARINA HERLOP «pripyat»;49;Música y Conciertos
2023;Enero;Condeduque;MIREN «a Partes»;27;Música y Conciertos
2023;Enero;Condeduque;THOMAS OSTERMEIER/ÉDOUARD LOUIS «quién MATÓ a MI PADRE»;82;Teatro y Escénicas
2023;Enero;Condeduque;ULRICH SEIDL «rimini»;14;Cine y Audiovisual
2023;Enero;Condeduque;VÉRTEBRO «una IMAGEN TERRESTRE»;19;Teatro y Escénicas
2023;Febrero;Condeduque;«cría Cuervos»;48;Cine y Audiovisual
2023;Febrero;Condeduque;«función De Noche»;9;Cine y Audiovisual
2023;Febrero;Condeduque;«gente en Sitios»;11;Cine y Audiovisual
2023;Febrero;Condeduque;«hola, ¿estás Sola?»;16;Cine y Audiovisual
2023;Febrero;Condeduque;EURÍPIDES LASKARIDIS «relic»;94;Teatro y Escénicas
2023;Febrero;Condeduque;MUCHA MUCHACHA «para CUATRO JINETES»;37;Teatro y Escénicas
2023;Febrero;Condeduque;OLGA PERICET «la LEONA»;90;Teatro y Escénicas
2023;Marzo;Condeduque;AZIZA BRAHIM «nomadablues»;19;Música y Conciertos
2023;Marzo;Condeduque;EL CONDE DE TORREFIEL «una IMAGEN INTERIOR»;70;Teatro y Escénicas
2023;Marzo;Condeduque;IRATXE FRESNEDA «tetuán»;9;Documental
2023;Marzo;Condeduque;PABLO MARTÍN JONES «baile ENTERO»;45;Teatro y Escénicas
2023;Marzo;Condeduque;ROBERT WILSON «deafman GLANCE» + «stations»;20;Teatro y Escénicas
2023;Abril;Condeduque;BACHAR MAR-KHALIFÉ «on/OFF»;18;Música y Conciertos
2023;Abril;Condeduque;DANIEL ABREU «dalet (DA)»;28;Teatro y Escénicas
2023;Abril;Condeduque;ERIGE SEHIRI «under the FIG TREES»;4;Cine y Audiovisual
2023;Abril;Condeduque;FESTIVAL RELEVO;25;Música y Conciertos
2023;Abril;Condeduque;LUNA MIGUEL «la MUERTE DE LA LECTORA»;32;Literatura y Poesía
2023;Abril;Condeduque;SERGE BOZON «don JUAN»;9;Cine y Audiovisual
2023;Mayo;Condeduque;BI GAN «largo VIAJE HACIA LA NOCHE»;23;Cine y Audiovisual
2023;Mayo;Condeduque;DILES QUE MI VIDA FUE MARAVILLOSA «la CULPA»;12;Teatro y Escénicas
2023;Mayo;Condeduque;HÉLÈNE CATTET Y BRUNO FROZANI «amer»;5;Cine y Audiovisual
2023;Mayo;Condeduque;JAVIERA DE LA FUENTE «envioletá»;28;Música y Conciertos
2023;Mayo;Condeduque;JÉRÔME BEL «retrospective»;8;Teatro y Escénicas
2023;Mayo;Condeduque;LOS VOLUBLE «flamenco is not a CRIME + JALEO is a CRIME»;21;Música y Conciertos
2023;Mayo;Condeduque;RICHARD LINKLATER «walking LIFE»;15;Cine y Audiovisual
2023;Mayo;Condeduque;TOUNDRA & MANU BRABO «ukraína»;19;Música y Conciertos
2023;Mayo;Condeduque;YELI YELI (Álvaro Romero);45;Música y Conciertos
2023;Junio;Condeduque;ALAIN RESNAIS «el AÑO PASADO en MARIENBAD»;16;Cine y Audiovisual
2023;Junio;Condeduque;CELSO GIMÉNEZ  «las NIÑAS ZOMBI»;194;Teatro y Escénicas
2023;Junio;Condeduque;ONIPA «off the Grid»;14;Música y Conciertos
2023;Enero;Teatro Fernán Gómez. Centro Cultural De La Villa;CUARENTA… (Mensajes Desde El Horizonte De Sucesos);64;Teatro y Escénicas
2023;Enero;Teatro Fernán Gómez. Centro Cultural De La Villa;HISTORIA DE UNA MAESTRA;22;Teatro y Escénicas
2023;Enero;Teatro Fernán Gómez. Centro Cultural De La Villa;Retorno Al Hogar;370;Teatro y Escénicas
2023;Febrero;Teatro Fernán Gómez. Centro Cultural De La Villa;El Avaro, De Molière;214;Teatro y Escénicas
2023;Febrero;Teatro Fernán Gómez. Centro Cultural De La Villa;HISTORIA DE UNA MAESTRA;10;Teatro y Escénicas
2023;Febrero;Teatro Fernán Gómez. Centro Cultural De La Villa;LOS DESIERTOS CRECEN DE NOCHE;184;Teatro y Escénicas
2023;Febrero;Teatro Fernán Gómez. Centro Cultural De La Villa;MARAT-SADE;145;Teatro y Escénicas
2023;Febrero;Teatro Fernán Gómez. Centro Cultural De La Villa;Retorno Al Hogar;113;Teatro y Escénicas
2023;Marzo;Teatro Fernán Gómez. Centro Cultural De La Villa;DANIELA ASTOR Y LA CAJA NEGRA;181;Teatro y Escénicas
2023;Marzo;Teatro Fernán Gómez. Centro Cultural De La Villa;LOS DESIERTOS CRECEN DE NOCHE;88;Teatro y Escénicas
2023;Marzo;Teatro Fernán Gómez. Centro Cultural De La Villa;MEFISTO for EVER;259;Teatro y Escénicas
2023;Marzo;Teatro Fernán Gómez. Centro Cultural De La Villa;SOBRE EL CAPARAZÓN DE LAS TORTUGAS;14;Teatro y Escénicas
2023;Abril;Teatro Fernán Gómez. Centro Cultural De La Villa;MAÑANAS DE ABRIL Y MAYO;160;Teatro y Escénicas
2023;Abril;Teatro Fernán Gómez. Centro Cultural De La Villa;QUE DE NOCHE LO MATARON;13;Teatro y Escénicas
2023;Abril;Teatro Fernán Gómez. Centro Cultural De La Villa;SOBRE EL CAPARAZÓN DE LAS TORTUGAS;222;Teatro y Escénicas
2023;Mayo;Teatro Fernán Gómez. Centro Cultural De La Villa;FM  Antonio Reyes Con La Colaboración Especial Del Maestro Juan Villar: A Panseco;36;Música y Conciertos
2023;Mayo;Teatro Fernán Gómez. Centro Cultural De La Villa;FM Carmen Talegona: Memoria: Capacidad De Recordar;34;Teatro y Escénicas
2023;Mayo;Teatro Fernán Gómez. Centro Cultural De La Villa;FM Compañía Marco Flores. Rayuela;52;Teatro y Escénicas
2023;Mayo;Teatro Fernán Gómez. Centro Cultural De La Villa;FM Esther Merino: Esther Merino:Cantaora;6;Música y Conciertos
2023;Mayo;Teatro Fernán Gómez. Centro Cultural De La Villa;FM Homenaje a Paco De Lucía- Taller De Músics- Suite De Lucía;61;Música y Conciertos
2023;Mayo;Teatro Fernán Gómez. Centro Cultural De La Villa;"FM Inma ""La Carbonera"" y Antonia Jiménez. a Gaya";9;Música y Conciertos
2023;Mayo;Teatro Fernán Gómez. Centro Cultural De La Villa;FM Jesús Carmona, José Valencia y Juan Requena: The Game;77;Teatro y Escénicas
2023;Mayo;Teatro Fernán Gómez. Centro Cultural De La Villa;FM Sharon Saguy Con Flamenco Natural: E Motion;26;Teatro y Escénicas
2023;Mayo;Teatro Fernán Gómez. Centro Cultural De La Villa;FM Vanesa Coloma y Cia: Castiza;24;Teatro y Escénicas
2023;Mayo;Teatro Fernán Gómez. Centro Cultural De La Villa;MAÑANAS DE ABRIL Y MAYO;117;Teatro y Escénicas
2023;Mayo;Teatro Fernán Gómez. Centro Cultural De La Villa;MV. Eliseo Parra;31;Música y Conciertos
2023;Mayo;Teatro Fernán Gómez. Centro Cultural De La Villa;MV. Pía Tedesco;13;Música y Conciertos
2023;Mayo;Teatro Fernán Gómez. Centro Cultural De La Villa;QUE DE NOCHE LO MATARON;141;Teatro y Escénicas
2023;Junio;Teatro Fernán Gómez. Centro Cultural De La Villa;1ª Semifinal - 32 CERTAMEN DE COREOGRAFÍA DE DANZA ESPAÑOLA Y FLAMENCO 2023;28;Teatro y Escénicas
2023;Junio;Teatro Fernán Gómez. Centro Cultural De La Villa;2ª Semifinal - 32 CERTAMEN DE COREOGRAFÍA DE DANZA ESPAÑOLA Y FLAMENCO 2023;25;Teatro y Escénicas
2023;Junio;Teatro Fernán Gómez. Centro Cultural De La Villa;Cía. Daniel Abreu;29;Teatro y Escénicas
2023;Junio;Teatro Fernán Gómez. Centro Cultural De La Villa;DV. Alberto Velasco: Sweet Dreams;53;Teatro y Escénicas
2023;Junio;Teatro Fernán Gómez. Centro Cultural De La Villa;DV. Compañía Elías Aguirre: Flowerheads Show;36;Teatro y Escénicas
2023;Junio;Teatro Fernán Gómez. Centro Cultural De La Villa;DV. Led Silhouette & Marcos Morau: Los Perros;25;Teatro y Escénicas
2023;Junio;Teatro Fernán Gómez. Centro Cultural De La Villa;DV. Lucía Lacarra y Matthew Golding: In the Still of the Night;102;Teatro y Escénicas
2023;Junio;Teatro Fernán Gómez. Centro Cultural De La Villa;FC. Borderland (Maldita Cabeza);16;Teatro y Escénicas
2023;Junio;Teatro Fernán Gómez. Centro Cultural De La Villa;FC. Un Café en El Pulgatorio;23;Teatro y Escénicas
2023;Junio;Teatro Fernán Gómez. Centro Cultural De La Villa;MAM: Andreas Prittwitz & Lookingback;12;Música y Conciertos
2023;Junio;Teatro Fernán Gómez. Centro Cultural De La Villa;MAM: Collegium Musicum Madrid;21;Música y Conciertos
2023;Junio;Teatro Fernán Gómez. Centro Cultural De La Villa;MAM: Josetxu Obregón;13;Música y Conciertos
2023;Junio;Teatro Fernán Gómez. Centro Cultural De La Villa;MAM: The Ministers of Pastime;17;Música y Conciertos
2023;Junio;Teatro Fernán Gómez. Centro Cultural De La Villa;MV. Pol Battle Con Rita Payés;153;Música y Conciertos
2023;Junio;Teatro Fernán Gómez. Centro Cultural De La Villa;MV. Andrea Motis & Marco Mezquida;56;Música y Conciertos
2023;Septiembre;Teatro Circo Price;HOY NO ES UN DÍA CUALQUIERA;91;Teatro y Escénicas
2023;Septiembre;Teatro Circo Price;FIRCO 2023;197;Teatro y Escénicas
2023;Octubre;Teatro Circo Price;PICASSO (REY, MONSTRUO Y PAYASO);110;Teatro y Escénicas
2023;Octubre;Teatro Circo Price;FUTUROPASADO;48;Teatro y Escénicas
2023;Octubre;Teatro Circo Price;BOIRA;36;Teatro y Escénicas
2023;Octubre;Teatro Circo Price;VETUS VENUSTAS;18;Teatro y Escénicas
2023;Diciembre;Teatro Circo Price;CIRCO PRICE en NAVIDAD;254;Infantil / Familiar
2023;Septiembre;Conde Duque;FLORA YIN WONG+SARAH DAVACHI;19;Música y Conciertos
2023;Octubre;Conde Duque;«canódromo ABANDONADO»;14;Cine y Audiovisual
2023;Octubre;Conde Duque;JACOBO SERRA «doce»;13;Música y Conciertos
2023;Octubre;Conde Duque;«espíritu ESCALERA»;12;Cine y Audiovisual
2023;Octubre;Conde Duque;ENCYCLOPÉDIE DE LA PAROLE «l’encyclopédiste»;31;Teatro y Escénicas
2023;Octubre;Conde Duque;KOR’SIA «mont VENTOUX»;86;Teatro y Escénicas
2023;Octubre;Conde Duque;TERRITOIRE (OLIVIER ARSON+MAXI GILBERT);49;Música y Conciertos
2023;Octubre;Conde Duque;«dentro CINE»;0;Cine y Audiovisual
2023;Octubre;Conde Duque;AGRUPACIÓN SEÑOR SERRANO «una ISLA»;86;Teatro y Escénicas
2023;Octubre;Conde Duque;ANTIFAN «la CAÍDA»;34;Música y Conciertos
2023;Noviembre;Conde Duque;MAESTRO ESPADA;22;Música y Conciertos
2023;Noviembre;Conde Duque;DONNY MCCASLIN «i WANT MORE»;26;Música y Conciertos
2023;Noviembre;Conde Duque;DANIEL VERONESE «experiencia II: Encuentros Breves Con Hombres Repulsivos»;61;Teatro y Escénicas
2023;Noviembre;Conde Duque;JAMES BRANDON LEWIS QUARTET «code of BEING»;14;Música y Conciertos
2023;Noviembre;Conde Duque;HOLLIE MCNISH Y DANEZ SMITH «double BILL»;17;Literatura y Poesía
2023;Noviembre;Conde Duque;«samsara»;7;Cine y Audiovisual
2023;Noviembre;Conde Duque;Eva Català Group;2;Música y Conciertos
2023;Noviembre;Conde Duque;«in WATER»;13;Cine y Audiovisual
2023;Noviembre;Conde Duque;37º CERTAMEN COREOGRÁFICO DE MADRID;68;Teatro y Escénicas
2023;Diciembre;Conde Duque;ÓSCAR BUENO «vientos»;39;Música y Conciertos
2023;Diciembre;Conde Duque;JANET NOVAS «proto (N1806)»;65;Teatro y Escénicas
2023;Diciembre;Conde Duque;NAT RAHA, ELLIOT REED Y ANTO LÓPEZ ESPINOSA «escalation»;29;Música y Conciertos
2023;Julio;Cineteca;Notas Sobre Un Verano;51;Cine y Audiovisual
2023;Julio;Cineteca;Las Hijas;46;Cine y Audiovisual
2023;Julio;Cineteca;Bentu;20;Cine y Audiovisual
2023;Julio;Cineteca;Tant Que Le Soleil Frappe (Beating Sun);13;Cine y Audiovisual
2023;Julio;Cineteca;Memoryland;17;Cine y Audiovisual
2023;Julio;Cineteca;Trois Nuits Par Semaine;14;Cine y Audiovisual
2023;Agosto;Cineteca;Coconut Head Generation;24;Documental
2023;Agosto;Cineteca;A Criança;15;Cine y Audiovisual
2023;Agosto;Cineteca;Common Birds;18;Cine y Audiovisual
2023;Agosto;Cineteca;The Happiest Man in the World;11;Cine y Audiovisual
2023;Septiembre;Cineteca;A Los Libros y a Las Mujeres Canto;13;Cine y Audiovisual
2023;Septiembre;Cineteca;El Infinito;7;Cine y Audiovisual
2023;Septiembre;Cineteca;Memoryland;25;Cine y Audiovisual
2023;Septiembre;Cineteca;Contact;21;Cine y Audiovisual
2023;Septiembre;Cineteca;Hay Otros Mundos, Pero Están en Este. Sesión 2;8;Cine y Audiovisual
2023;Septiembre;Cineteca;Mi Tío De América;7;Cine y Audiovisual
2023;Septiembre;Cineteca;La Constelación Bartleby / Ballet Aquatique;2;Cine y Audiovisual
2023;Septiembre;Cineteca;Filmé Pájaros Volando (Work in Progress);8;Cine y Audiovisual
2023;Septiembre;Cineteca;Sesión De Cortometrajes Documentales;16;Documental
2023;Septiembre;Cineteca;20.000 Especies De Abejas;79;Cine y Audiovisual
2023;Septiembre;Cineteca;Sesión De Cortometrajes 1;22;Cine y Audiovisual
2023;Septiembre;Cineteca;Álex e Munchie: Contra o Cisheteropatriarcado;11;Cine y Audiovisual
2023;Septiembre;Cineteca;Sesión De Cortometrajes 2;17;Cine y Audiovisual
2023;Septiembre;Cineteca;Sección Oficial Cortometraje PNR I;11;Cine y Audiovisual
2023;Septiembre;Cineteca;Jorge. Una Travesía De Coque Malla;3;Documental
2023;Septiembre;Cineteca;El Principio / Nuestro Siglo;15;Cine y Audiovisual
2023;Septiembre;Cineteca;Ruinas;5;Cine y Audiovisual
2023;Septiembre;Cineteca;Sección Oficial Cortometraje PNR II;8;Cine y Audiovisual
2023;Septiembre;Cineteca;Un Lenguaje Anterior a Babel. Cortometrajes De Artavazd Pelechian;15;Cine y Audiovisual
2023;Septiembre;Cineteca;Sección Oficial Cortometraje PNR III;5;Cine y Audiovisual
2023;Septiembre;Cineteca;Balas y Katanas;1;Cine y Audiovisual
2023;Septiembre;Cineteca;Sección Oficial Cortometraje v;11;Cine y Audiovisual
2023;Septiembre;Cineteca;Fobia;19;Cine y Audiovisual
2023;Septiembre;Cineteca;Diáspora;11;Cine y Audiovisual
2023;Septiembre;Cineteca;Capítulo VI: Galaxias De Sonidos (La Metáfora Astronómica);13;Cine y Audiovisual
2023;Septiembre;Cineteca;Consuelo;2;Cine y Audiovisual
2023;Septiembre;Cineteca;Bantú Mama;3;Cine y Audiovisual
2023;Septiembre;Cineteca;Perejil;8;Cine y Audiovisual
2023;Septiembre;Cineteca;El País De Las Últimas Cosas;5;Cine y Audiovisual
2023;Septiembre;Cineteca;Carajita;4;Cine y Audiovisual
2023;Septiembre;Cineteca;PRORA. a Complex Destination;3;Cine y Audiovisual
2023;Septiembre;Cineteca;Afterwater;24;Cine y Audiovisual
2023;Septiembre;Cineteca;16 Levers De Soleil;3;Cine y Audiovisual
2023;Septiembre;Cineteca;Me Voy P’al Pueblo;15;Cine y Audiovisual
2023;Septiembre;Cineteca;Thomas Pesquet, L'étoffe D'un Héros;1;Documental
2023;Septiembre;Cineteca;En Busca De Djehuty;1;Documental
2023;Septiembre;Cineteca;Maa-Yiem, La Extraordinaria Historia De Jordi Sabater Pi;4;Documental
2023;Septiembre;Cineteca;El Valle De Concavenator;2;Documental
2023;Septiembre;Cineteca;El Sueño De La Vida Eterna;1;Documental
2023;Septiembre;Cineteca;Evolución: 250 Años Del Museo Nacional De Ciencias Naturales;1;Documental
2023;Septiembre;Cineteca;Dos Dies i L’eternitat;23;Cine y Audiovisual
2023;Octubre;Cineteca;Tríptico Elemental De España: Aguaespejo Granadino | Fuego en Castilla | Acariño Galaico;30;Cine y Audiovisual
2023;Octubre;Cineteca;Encuentros Profesionales MATRIZ;5;Cultura General
2023;Octubre;Cineteca;O Corno;53;Cine y Audiovisual
2023;Octubre;Cineteca;Sesión De Cortometrajes;15;Cine y Audiovisual
2023;Octubre;Cineteca;Opening Night (Noche De Estreno);22;Cine y Audiovisual
2023;Octubre;Cineteca;El Río Del Deseo. Sesión De Cortometrajes 1;19;Cine y Audiovisual
2023;Octubre;Cineteca;Faster, Pussycat! Kill! Kill!;34;Cine y Audiovisual
2023;Octubre;Cineteca;Cenizas y Fantasmas. Sesión De Cortometrajes 2;15;Cine y Audiovisual
2023;Octubre;Cineteca;Mafifa;3;Cine y Audiovisual
2023;Octubre;Cineteca;Los Saldos;8;Cine y Audiovisual
2023;Octubre;Cineteca;La Lava en Los Labios;8;Cine y Audiovisual
2023;Octubre;Cineteca;La Mujer Pantera;21;Cine y Audiovisual
2023;Octubre;Cineteca;Deep Rising;11;Cine y Audiovisual
2023;Octubre;Cineteca;Yo Anduve Con Un Zombie;16;Cine y Audiovisual
2023;Octubre;Cineteca;Alpenland;5;Cine y Audiovisual
2023;Octubre;Cineteca;El Hombre Leopardo;13;Cine y Audiovisual
2023;Octubre;Cineteca;Plastic Fantastic;2;Cine y Audiovisual
2023;Octubre;Cineteca;À Demain Mon Amour;8;Cine y Audiovisual
2023;Octubre;Cineteca;Between the Rains;4;Cine y Audiovisual
2023;Octubre;Cineteca;Deberes;16;Cine y Audiovisual
2023;Octubre;Cineteca;El Imperio De La Luz. Sesión De Cortometrajes 3;17;Cine y Audiovisual
2023;Octubre;Cineteca;Sueños Lúcidos. Sesión De Cortometrajes 4;0;Cine y Audiovisual
2023;Octubre;Cineteca;Inauguración: A Rapariga De Olhos Grandes E O Rapaz De Pernas Compridas / Robot Dreams;5;Cine y Audiovisual
2023;Octubre;Cineteca;Alexander Alexeieff y Claire Parker: Domadores De Sombras;10;Cine y Audiovisual
2023;Octubre;Cineteca;Sesión 1;20;Cine y Audiovisual
2023;Octubre;Cineteca;Sesión 2;9;Cine y Audiovisual
2023;Octubre;Cineteca;Nayola;6;Cine y Audiovisual
2023;Octubre;Cineteca;Anatomie D'une Chute (Anatomía De Una Caída);56;Cine y Audiovisual
2023;Octubre;Cineteca;Kar Ve Ayi (Snow and the Bear);6;Cine y Audiovisual
2023;Noviembre;Cineteca;El Chico León;4;Cine y Audiovisual
2023;Noviembre;Cineteca;Pelikanblut (Pelican Blood);6;Cine y Audiovisual
2023;Noviembre;Cineteca;Cuervos y Gorriones;10;Cine y Audiovisual
2023;Noviembre;Cineteca;Fördom Och Stolthet - En Queer Filmhistoria (Prejudice and Pride);5;Documental
2023;Noviembre;Cineteca;Ama-Das;8;Cine y Audiovisual
2023;Noviembre;Cineteca;El Hombre Del Brazo De Oro;7;Cine y Audiovisual
2023;Noviembre;Cineteca;Merkel;6;Documental
2023;Noviembre;Cineteca;El León De Mongolia;4;Cine y Audiovisual
2023;Noviembre;Cineteca;Malintzin 17;4;Cine y Audiovisual
2023;Noviembre;Cineteca;Cinco Flores De Oro;4;Cine y Audiovisual
2023;Noviembre;Cineteca;Le Double Amour (Le Calvaire d'Hélène);1;Cine y Audiovisual
2023;Noviembre;Cineteca;En Busca Del Sueño;5;Cine y Audiovisual
2023;Noviembre;Cineteca;Alboroto en El Cielo;13;Cine y Audiovisual
2023;Noviembre;Cineteca;El Espejo De Las Tres Caras / Mor Vran (La Mer Des Corbeaux);7;Cine y Audiovisual
2023;Noviembre;Cineteca;Cultivando Estrellas;13;Cine y Audiovisual
2023;Noviembre;Cineteca;Fauna;1;Cine y Audiovisual
2023;Noviembre;Cineteca;La Caída De La Casa Usher;9;Cine y Audiovisual
2023;Noviembre;Cineteca;Camino Solitario;1;Cine y Audiovisual
2023;Noviembre;Cineteca;En Autobiografi;2;Cine y Audiovisual
2023;Noviembre;Cineteca;Pez Volador / Una Terapia De Mierda / La Mecánica De Los Fluidos;11;Cine y Audiovisual
2023;Noviembre;Cineteca;Inauguración: Fallen Leaves;31;Cine y Audiovisual
2023;Noviembre;Cineteca;Capítulo VII: No Soy Un Animal (Fauna Sonora);4;Cine y Audiovisual
2023;Noviembre;Cineteca;Encuentro Híbrido Con Lucrecia Martel;28;Cultura General
2023;Noviembre;Cineteca;Bravo, Burkina!;6;Cine y Audiovisual
2023;Noviembre;Cineteca;Guapo’Y;6;Cine y Audiovisual
2023;Noviembre;Cineteca;The Civil Dead;11;Cine y Audiovisual
2023;Noviembre;Cineteca;A Witch Story;14;Cine y Audiovisual
2023;Noviembre;Cineteca;Cando Toco Un Animal;7;Cine y Audiovisual
2023;Noviembre;Cineteca;Kokomo City;20;Documental
2023;Noviembre;Cineteca;Sueños y Pan;20;Cine y Audiovisual
2023;Noviembre;Cineteca;Robota MML;3;Cine y Audiovisual
2023;Noviembre;Cineteca;Ex Machina;33;Cine y Audiovisual
2023;Noviembre;Cineteca;Muestra De Proyectos De Residentes Audiovisuales I;10;Cine y Audiovisual
2023;Noviembre;Cineteca;Cortos Nacionales I;18;Cine y Audiovisual
2023;Noviembre;Cineteca;La Llegada;13;Cine y Audiovisual
2023;Noviembre;Cineteca;Labor;2;Cine y Audiovisual
2023;Noviembre;Cineteca;Cortos Nacionales II;37;Cine y Audiovisual
2023;Noviembre;Cineteca;Transfariana;14;Cine y Audiovisual
2023;Noviembre;Cineteca;Cross Dreamers;2;Cine y Audiovisual
2023;Noviembre;Cineteca;Cortos Nacionales III;21;Cine y Audiovisual
2023;Noviembre;Cineteca;Cortos Disidentes;16;Cine y Audiovisual
2023;Noviembre;Cineteca;MRGente. Sesión 1;22;Cine y Audiovisual
2023;Noviembre;Cineteca;Tu Trembleras Pour Moi + La Estafa Del Amor;15;Cine y Audiovisual
2023;Noviembre;Cineteca;As Filhas Do Fogo + Film Annonce Du Film Qui N'existera Jamais: «drôles De Guerres»;24;Cine y Audiovisual
2023;Noviembre;Cineteca;MRGente. Sesión 2;6;Cine y Audiovisual
2023;Noviembre;Cineteca;El Auge Del Humano 3;22;Cine y Audiovisual
2023;Noviembre;Cineteca;Animal Love + Entrega Premio Especial Márgenes a Ulrich Seidl;8;Cine y Audiovisual
2023;Noviembre;Cineteca;Escáner. Sesión De Cortometrajes;14;Cine y Audiovisual
2023;Noviembre;Cineteca;Mamántula;24;Cine y Audiovisual
2023;Noviembre;Cineteca;Non Te Vexo + Zinzindurrumkarratz;1;Cine y Audiovisual
2023;Noviembre;Cineteca;La Chimera;45;Cine y Audiovisual
2023;Diciembre;Cineteca;Meteoro + Un Volcán Habitado;7;Cine y Audiovisual
2023;Diciembre;Cineteca;Lemon Tree + After;15;Cine y Audiovisual
2023;Diciembre;Cineteca;MRGente. Sesión 3;6;Cine y Audiovisual
2023;Diciembre;Cineteca;Mast-Del + a Bathalla Da Rua Maria Antônia;12;Cine y Audiovisual
2023;Diciembre;Cineteca;Cabeza y Corazón;3;Cine y Audiovisual
2023;Diciembre;Cineteca;Ninotchka;18;Cine y Audiovisual
2023;Diciembre;Cineteca;El Dulce Sabor Del Éxito;9;Cine y Audiovisual
2023;Diciembre;Cineteca;El Autoestopista;22;Cine y Audiovisual
2023;Diciembre;Cineteca;Quest;10;Cine y Audiovisual
2023;Diciembre;Cineteca;Pola?ski, Horowitz. Hometown;4;Documental
2023;Diciembre;Cineteca;Sección Oficial De Cortometrajes (I);4;Cine y Audiovisual
2023;Diciembre;Cineteca;AsturianUS;3;Documental
2023;Diciembre;Cineteca;Varsovia, La Ciudad Dividida;10;Documental
2023;Diciembre;Cineteca;Sección Oficial De Cortometrajes (II);2;Cine y Audiovisual
2023;Diciembre;Cineteca;Marek Edelman... y Hubo Amor en El Gueto;2;Documental
2023;Diciembre;Cineteca;Sección Oficial De Cortometrajes (III);1;Cine y Audiovisual
2023;Diciembre;Cineteca;Rebeca;22;Cine y Audiovisual
2023;Diciembre;Cineteca;Velocidad De Escape;1;Cine y Audiovisual
2023;Diciembre;Cineteca;El Retablo De Las Maravillas. Apuntes Para Una Película Sobre El Quijote;1;Documental
2023;Diciembre;Cineteca;Misiones Pedagógicas 1931-1936;11;Documental
2023;Diciembre;Cineteca;Splendid Hotel. Rimbaud en África;1;Cine y Audiovisual
2023;Diciembre;Cineteca;Muyeres;42;Cine y Audiovisual
2023;Diciembre;Cineteca;El Piano;31;Cine y Audiovisual
2023;Diciembre;Cineteca;Capítulo VIII: Homenajes (Sonidos Celebrantes);8;Cine y Audiovisual
2023;Diciembre;Cineteca;Cayo Largo;12;Cine y Audiovisual
2023;Diciembre;Cineteca;Eyes Wide Shut;54;Cine y Audiovisual
2023;Diciembre;Cineteca;Una Zona Ajardinada Demasiado Tranquila Para Mí;1;Cine y Audiovisual
2023;Diciembre;Cineteca;Bela Lugosi Contra El Gorila;2;Cine y Audiovisual
2023;Diciembre;Cineteca;Cita en St. Louis;10;Cine y Audiovisual
2023;Diciembre;Cineteca;Cuento De Navidad;7;Cine y Audiovisual
2023;Diciembre;Cineteca;A.I. Inteligencia Artificial;14;Cine y Audiovisual
2023;Diciembre;Cineteca;El Mago De Oz;19;Cine y Audiovisual
2023;Diciembre;Cineteca;El Apartamento;23;Cine y Audiovisual
2023;Diciembre;Cineteca;Ciudadano Kane;26;Cine y Audiovisual
2023;Diciembre;Cineteca;Lost in Translation;31;Cine y Audiovisual
2023;Diciembre;Cineteca;Atrapado en El Tiempo;3;Cine y Audiovisual
2023;Diciembre;Cineteca;El Festín De Babette;3;Cine y Audiovisual
2023;Diciembre;Cineteca;Conferencia De José Luis Villacañas + Centauros Del Desierto;1;Cultura General
2023;Diciembre;Cineteca;La Carpa De Circo;1;Teatro y Escénicas
2023;Julio;Actividades Culturales;Bodas De Sangre y Suite Flamenca;296;Teatro y Escénicas
2023;Julio;Actividades Culturales;El Barberillo De Lavapiés;104;Teatro y Escénicas
2023;Julio;Actividades Culturales;50 Años De Música y Amistad;61;Música y Conciertos
2023;Julio;Actividades Culturales;Sexpiertos;76;Teatro y Escénicas
2023;Julio;Actividades Culturales;Oumou Sangaré Presenta Timbuktu;62;Música y Conciertos
2023;Julio;Actividades Culturales;Symphony Of sorrows / Cantata;104;Música y Conciertos
2023;Julio;Actividades Culturales;Ute Lemper;33;Música y Conciertos
2023;Agosto;Actividades Culturales;Express;76;Música y Conciertos
2023;Agosto;Actividades Culturales;Estampas Flamencas / El Sombrero De Tres Picos;170;Teatro y Escénicas
2023;Agosto;Actividades Culturales;Eliades Ochoa – Star of Buena Vista Social Club;48;Música y Conciertos
2023;Agosto;Actividades Culturales;Tenmei – Destiny;95;Teatro y Escénicas
2023;Agosto;Actividades Culturales;Sole Giménez;15;Música y Conciertos
2023;Agosto;Actividades Culturales;Guerrero;58;Teatro y Escénicas
2023;Agosto;Actividades Culturales;Lee Fields Presenta Sentimental Fool;40;Música y Conciertos
2023;Agosto;Actividades Culturales;Ciclos & Cycles;16;Música y Conciertos
2023;Agosto;Actividades Culturales;Carlos Sadness;108;Música y Conciertos
2023;Agosto;Actividades Culturales;Lentejuelas y Castañuelas;113;Teatro y Escénicas
2023;Agosto;Actividades Culturales;El Amor Enamorado;70;Teatro y Escénicas
2023;Agosto;Actividades Culturales;Rusowsky (Cute Acoustic Set);267;Música y Conciertos
2023;Agosto;Actividades Culturales;La Vida Chulapa;45;Teatro y Escénicas
2023;Agosto;Actividades Culturales;POI;26;Teatro y Escénicas
2023;Agosto;Actividades Culturales;Ruiseñora + Antía Muíño;28;Música y Conciertos
2023;Agosto;Actividades Culturales;Olvido;53;Teatro y Escénicas
2023;Agosto;Actividades Culturales;Lucas Vidal. Karma;18;Música y Conciertos
2023;Agosto;Actividades Culturales;Marina Herlop + Angélica Salvi;63;Música y Conciertos
2023;Julio;Teatro Español;El Sueño De La Razón;102;Teatro y Escénicas
2023;Septiembre;Teatro Español;El Corazón Del Daño;385;Teatro y Escénicas
2023;Octubre;Teatro Español;Arder y No Quemarse;536;Teatro y Escénicas
2023;Noviembre;Teatro Español;Poncia;614;Teatro y Escénicas
2023;Noviembre;Teatro Español;Tennessee;375;Teatro y Escénicas
2023;Diciembre;Teatro Español;La Isla Del Aire;264;Teatro y Escénicas
2023;Diciembre;Teatro Español;El Silencio en Bodas De Sangre;134;Teatro y Escénicas
2023;Septiembre;Teatro Fernán Gómez. Centro Cultural De La Villa;LA TUERTA;409;Teatro y Escénicas
2023;Septiembre;Teatro Fernán Gómez. Centro Cultural De La Villa;TRAS LOS BALCONES;46;Teatro y Escénicas
2023;Septiembre;Teatro Fernán Gómez. Centro Cultural De La Villa;GALDÓS ENAMORADO 2023;92;Teatro y Escénicas
2023;Octubre;Teatro Fernán Gómez. Centro Cultural De La Villa;ISLA;163;Teatro y Escénicas
2023;Octubre;Teatro Fernán Gómez. Centro Cultural De La Villa;ABRE EL OJO;255;Teatro y Escénicas
2023;Noviembre;Teatro Fernán Gómez. Centro Cultural De La Villa;VANO FANTASMA DE NIEBLA Y LUZ;76;Teatro y Escénicas
2023;Noviembre;Teatro Fernán Gómez. Centro Cultural De La Villa;FJ Mike Stern Band. VILLANOS;95;Música y Conciertos
2023;Noviembre;Teatro Fernán Gómez. Centro Cultural De La Villa;FJ Stacey Kent. VILLANOS;57;Música y Conciertos
2023;Noviembre;Teatro Fernán Gómez. Centro Cultural De La Villa;FJ Mulatu Astatke. VILLANOS;33;Música y Conciertos
2023;Noviembre;Teatro Fernán Gómez. Centro Cultural De La Villa;FJ Samara Joy;148;Música y Conciertos
2023;Noviembre;Teatro Fernán Gómez. Centro Cultural De La Villa;FJ James Carter Organ Trio;90;Música y Conciertos
2023;Noviembre;Teatro Fernán Gómez. Centro Cultural De La Villa;LO ÚNICO QUE VERDADERAMENTE QUISE TODA LA VIDA ES SER DELGADA;159;Teatro y Escénicas
2023;Noviembre;Teatro Fernán Gómez. Centro Cultural De La Villa;FJ Celebrando a Tete;45;Música y Conciertos
2023;Noviembre;Teatro Fernán Gómez. Centro Cultural De La Villa;FJ Nils Petter Molvaer Trio;55;Música y Conciertos
2023;Noviembre;Teatro Fernán Gómez. Centro Cultural De La Villa;FJ Rabih Abou-Khalil Trio;50;Música y Conciertos
2023;Noviembre;Teatro Fernán Gómez. Centro Cultural De La Villa;FJ Elliott Sharp's Fourth Blood Moon;30;Música y Conciertos
2023;Noviembre;Teatro Fernán Gómez. Centro Cultural De La Villa;FJ Cécile McLorin Salvant. VILLANOS;102;Música y Conciertos
2023;Noviembre;Teatro Fernán Gómez. Centro Cultural De La Villa;"Harlem Gospel Choir ""Celebrating 60 Years of Whitney Houston""";206;Música y Conciertos
2023;Diciembre;Teatro Fernán Gómez. Centro Cultural De La Villa;EL GRITO DEL CARDO;55;Teatro y Escénicas
2023;Diciembre;Teatro Fernán Gómez. Centro Cultural De La Villa;"Chicago Mass Choir Presenta ""B.B.King Spiritual""&nbsp";;
2023;Diciembre;Teatro Fernán Gómez. Centro Cultural De La Villa;Ron Lalá 4x4;104;Teatro y Escénicas
2023;Diciembre;Teatro Fernán Gómez. Centro Cultural De La Villa;Superhéroe;5;Teatro y Escénicas
2023;Diciembre;Teatro Fernán Gómez. Centro Cultural De La Villa;Don Quijote Nómada;6;Teatro y Escénicas
2023;Julio;Naves Del Español en Matadero;Flores y Viajes;30;Teatro y Escénicas
2023;Julio;Naves Del Español en Matadero;Fráxil. Handle with Care;107;Teatro y Escénicas
2023;Septiembre;Naves Del Español en Matadero;Asesinato y Adolescencia;682;Teatro y Escénicas
2023;Octubre;Naves Del Español en Matadero;La Regenta;149;Teatro y Escénicas
2023;Noviembre;Naves Del Español en Matadero;Alegría Station;103;Teatro y Escénicas
2023;Noviembre;Naves Del Español en Matadero;Livianas Provincianas;2;Teatro y Escénicas
2023;Diciembre;Naves Del Español en Matadero;Tan Solo El Fin Del Mundo;577;Teatro y Escénicas
2023;Diciembre;Naves Del Español en Matadero;Runa;73;Teatro y Escénicas
2023;Diciembre;Naves Del Español en Matadero;Las Locuras Por El Veraneo;42;Teatro y Escénicas
2023;Noviembre;Convenios;El Ventrílocuo;13;Teatro y Escénicas
2023;Noviembre;Convenios;Que La Vida Merezca La Risa;27;Teatro y Escénicas
2023;Octubre;Convenios;La Madre Que Me Parió;9;Teatro y Escénicas
2023;Noviembre;Convenios;Animales De Compañía;24;Teatro y Escénicas
2023;Noviembre;Convenios;Laponia;40;Teatro y Escénicas
2023;Noviembre;Convenios;Woman by Aarón Vivancos;41;Teatro y Escénicas
2023;Noviembre;Convenios;Una Rubia Muy Legal;35;Teatro y Escénicas
2023;Noviembre;Convenios;Gracias Por Venir;10;Teatro y Escénicas
2023;Noviembre;Convenios;Sueños De Elsa;11;Teatro y Escénicas
2023;Noviembre;Convenios;Hay Sexo a Partir De Los 50;12;Teatro y Escénicas
2023;Noviembre;Convenios;Hipnonautas;15;Teatro y Escénicas
2023;Noviembre;Convenios;Cádiz;12;Teatro y Escénicas
2023;Noviembre;Convenios;Muerte De Un Viajante;14;Teatro y Escénicas
2023;Noviembre;Convenios;School of Rock;35;Teatro y Escénicas
2023;Noviembre;Convenios;TUELF POINTS: EL MUSICAL MÁS EUROVISIVO;47;Teatro y Escénicas
2023;Noviembre;Convenios;La Ternura;19;Teatro y Escénicas
2023;Noviembre;Convenios;Alegría, ¿dónde Estás?;9;Teatro y Escénicas
2023;Noviembre;Convenios;La Herencia;3;Teatro y Escénicas
2023;Noviembre;Convenios;Quiero Ser María Jiménez;4;Teatro y Escénicas
2023;Noviembre;Convenios;OCO the Show;32;Teatro y Escénicas
2023;Noviembre;Convenios;Y... Lo Que El Viento Se Llevó;54;Cine y Audiovisual
2023;Noviembre;Convenios;Peter Pan: El Musical;12;Infantil / Familiar
2024;Enero;Teatro Circo Price;CIRCO PRICE en NAVIDAD;28;Infantil / Familiar
2024;Febrero;Teatro Circo Price;MAGIA DE CERCA;85;Teatro y Escénicas
2024;Febrero;Teatro Circo Price;GALA INTERNACIONAL DE MAGIA en ESCENA;516;Teatro y Escénicas
2024;Marzo;Teatro Circo Price;À Deux Roues, La Vie!;13;Teatro y Escénicas
2024;Abril;Teatro Circo Price;NUYE;95;Teatro y Escénicas
2024;Abril;Teatro Circo Price;DUEL REALITY;239;Teatro y Escénicas
2024;Mayo;Teatro Circo Price;Cocktail Madpac II, Creación Efervescente;23;Teatro y Escénicas
2024;Mayo;Teatro Circo Price;ORAISON;57;Teatro y Escénicas
2024;Mayo;Teatro Circo Price;TRASBORDO;19;Teatro y Escénicas
2024;Junio;Teatro Circo Price;Ubuntu!!! Todos Somos Uno;25;Teatro y Escénicas
2024;Enero;Conde Duque;GISÈLE VIENNE «extra LIFE»;87;Teatro y Escénicas
2024;Enero;Conde Duque;ALBERTO CORTÉS «one NIGHT at the GOLDEN BAR»;77;Teatro y Escénicas
2024;Enero;Conde Duque;«jerk»;14;Teatro y Escénicas
2024;Enero;Conde Duque;LA VERONAL «firmamento»;36;Teatro y Escénicas
2024;Enero;Conde Duque;PAU VEGAS;18;Música y Conciertos
2024;Febrero;Conde Duque;RENALDO & CLARA «la BOCA AIGUA»;48;Música y Conciertos
2024;Febrero;Conde Duque;TRAJAL HARRELL &  SCHAUSPIELHAUS ZÜRICH  DANCE ENSEMBLE «köln CONCERT»;30;Teatro y Escénicas
2024;Marzo;Conde Duque;L’ALAKRAN «inactuales»;38;Teatro y Escénicas
2024;Marzo;Conde Duque;ZA! + PERRATE;11;Música y Conciertos
2024;Marzo;Conde Duque;CHIRIE VEGAS «gamberro»;19;Música y Conciertos
2024;Marzo;Conde Duque;SIMONA «esfera DE AMOR»;37;Música y Conciertos
2024;Marzo;Conde Duque;POLIANA LIMA «the COMMON GROUND»;49;Teatro y Escénicas
2024;Abril;Conde Duque;«güeros»;8;Cine y Audiovisual
2024;Abril;Conde Duque;VIA KATLEHONG «via INJABULO»;56;Teatro y Escénicas
2024;Abril;Conde Duque;«tres VELLAS (en LA ROMERÍA)»;6;Teatro y Escénicas
2024;Abril;Conde Duque;«hace MUCHO QUE NO DUERMO»;4;Cine y Audiovisual
2024;Abril;Conde Duque;NUBIYAN TWIST;21;Música y Conciertos
2024;Abril;Conde Duque;IKER KARRERA «the ROOM WHERE IT HAPPENS»;29;Teatro y Escénicas
2024;Abril;Conde Duque;Santiago Latorre & Colin Self «architecture of Friendship»;10;Música y Conciertos
2024;Mayo;Conde Duque;LOS BÁRBAROS «obra IMPOSIBLE»;66;Teatro y Escénicas
2024;Mayo;Conde Duque;RAÜL REFREE / MARIA MAZZOTTA «san Paolo Di Galatina »;33;Música y Conciertos
2024;Mayo;Conde Duque;«world of TOMORROW (I, II & III)»;9;Cine y Audiovisual
2024;Mayo;Conde Duque;AZKONATOLOZA «cuerpos CELESTES»;26;Teatro y Escénicas
2024;Mayo;Conde Duque;LAURA SAM  «el POEMA FÍSICO»;4;Literatura y Poesía
2024;Mayo;Conde Duque;GARIKOITZ GAMARRA  & YLIA  «los RITMOS  DE MARK FISHER»;23;Música y Conciertos
2024;Junio;Conde Duque;«it’s SUCH a BEAUTIFUL DAY»;15;Cine y Audiovisual
2024;Junio;Conde Duque;ISRAEL GALVÁN «la CONSAGRACIÓN DE LA PRIMAVERA»;4;Teatro y Escénicas
2024;Junio;Conde Duque;«selección DE CORTOMETRAJES DE DON HERTZFELDT» + «me»;8;Cine y Audiovisual
2024;Enero;Cineteca;El Apartamento;7;Cine y Audiovisual
2024;Enero;Cineteca;Ciudadano Kane;15;Cine y Audiovisual
2024;Enero;Cineteca;Lost in Translation;19;Cine y Audiovisual
2024;Enero;Cineteca;Atrapado en El Tiempo;10;Cine y Audiovisual
2024;Enero;Cineteca;Quizá Mañana...;3;Cine y Audiovisual
2024;Enero;Cineteca;El Festín De Babette;8;Cine y Audiovisual
2024;Enero;Cineteca;Conferencia De José Luis Villacañas + Centauros Del Desierto;22;Cultura General
2024;Enero;Cineteca;La Carpa De Circo;5;Teatro y Escénicas
2024;Enero;Cineteca;Tren De Sombras;7;Cine y Audiovisual
2024;Enero;Cineteca;Solaris;61;Cine y Audiovisual
2024;Enero;Cineteca;Cuentos De Tokio;33;Cine y Audiovisual
2024;Enero;Cineteca;Las Tierras Del Cielo;22;Cine y Audiovisual
2024;Enero;Cineteca;Codón Es Un Máquina;2;Cine y Audiovisual
2024;Enero;Cineteca;Bushman;6;Cine y Audiovisual
2024;Enero;Cineteca;Cine, Registro Vivo De Nuestra Memoria;7;Documental
2024;Enero;Cineteca;Jennie;27;Cine y Audiovisual
2024;Enero;Cineteca;Sesión De Cortometrajes De Luther Price;22;Cine y Audiovisual
2024;Enero;Cineteca;Con La Muerte en Los Talones;41;Cine y Audiovisual
2024;Enero;Cineteca;Lawrence De Arabia;30;Cine y Audiovisual
2024;Enero;Cineteca;Samsara;31;Cine y Audiovisual
2024;Enero;Cineteca;Las Ruinas De Un Imperio;6;Cine y Audiovisual
2024;Enero;Cineteca;Conferencia De Juan Arnau + El Tercer Hombre;34;Cultura General
2024;Enero;Cineteca;Alteritats;7;Cine y Audiovisual
2024;Enero;Cineteca;Contracampos + Hilos;1;Cine y Audiovisual
2024;Enero;Cineteca;Tres Colores: Azul;61;Cine y Audiovisual
2024;Enero;Cineteca;Capítulo IX: Órganos Sin Cuerpo (Carne Vibrante);11;Cine y Audiovisual
2024;Enero;Cineteca;La Cinta Blanca;47;Cine y Audiovisual
2024;Enero;Cineteca;Lelé Guillén: Despierta;2;Documental
2024;Enero;Cineteca;Nostalgia De La Luz;15;Documental
2024;Enero;Cineteca;Conferencia De Ana Carrasco Conde + El Séptimo Sello;35;Cultura General
2024;Enero;Cineteca;El Método De Los Claros;16;Cine y Audiovisual
2024;Enero;Cineteca;A Train Arrives at the Station / Eadweard Muybridge, Zoopraxographer;4;Cine y Audiovisual
2024;Enero;Cineteca;Prisioneros De La Tierra;6;Cine y Audiovisual
2024;Enero;Cineteca;The Thoughts that Once We Had;24;Cine y Audiovisual
2024;Febrero;Cineteca;El Dulce Sabor Del Éxito;24;Cine y Audiovisual
2024;Febrero;Cineteca;First Cow;24;Cine y Audiovisual
2024;Febrero;Cineteca;La Singla;16;Documental
2024;Febrero;Cineteca;Mudos Testigos;12;Documental
2024;Febrero;Cineteca;Household Saints;38;Cine y Audiovisual
2024;Febrero;Cineteca;Anticristo;54;Cine y Audiovisual
2024;Febrero;Cineteca;Las Amigas (Girlfriends);41;Cine y Audiovisual
2024;Febrero;Cineteca;Arte Sonoro: Una Crónica Sentimental;7;Cultura General
2024;Febrero;Cineteca;Alemania;25;Cine y Audiovisual
2024;Febrero;Cineteca;Crash;49;Cine y Audiovisual
2024;Febrero;Cineteca;Tadafuq/Fluir: Artistas Palestinos en Movimiento;11;Cultura General
2024;Febrero;Cineteca;Nuestra Amiga La Luna + Alegrías Riojanas;3;Cine y Audiovisual
2024;Febrero;Cineteca;Gilda;37;Cine y Audiovisual
2024;Febrero;Cineteca;Palabras Suaves (Smooth Talk);0;Cine y Audiovisual
2024;Febrero;Cineteca;Lorenzo Sandoval: Ecología Acústica;2;Cultura General
2024;Febrero;Cineteca;Al Rojo Vivo;10;Cine y Audiovisual
2024;Febrero;Cineteca;A Fish in the Bathtub;21;Cine y Audiovisual
2024;Febrero;Cineteca;Viaje Inmóvil;4;Cine y Audiovisual
2024;Febrero;Cineteca;Performance;19;Teatro y Escénicas
2024;Febrero;Cineteca;Película Del Hierro y La Nieve;9;Cine y Audiovisual
2024;Febrero;Cineteca;Ara La Llum Cau Vertical;3;Cine y Audiovisual
2024;Febrero;Cineteca;Sexo, Drogas, Rock 'n' Roll, y Política. Instituto Santamarca, 1975–1985;27;Documental
2024;Febrero;Cineteca;Molina's Ferozz;1;Cine y Audiovisual
2024;Febrero;Cineteca;Los Hijos + Mamántula;34;Cine y Audiovisual
2024;Febrero;Cineteca;Annette;24;Cine y Audiovisual
2024;Febrero;Cineteca;The Water Flows to the Sea;16;Cine y Audiovisual
2024;Febrero;Cineteca;El Cine Iluminado De Sandra Davis;21;Cine y Audiovisual
2024;Febrero;Cineteca;Blue;15;Cine y Audiovisual
2024;Febrero;Cineteca;Procesos;3;Cine y Audiovisual
2024;Febrero;Cineteca;Intolerance;5;Cine y Audiovisual
2024;Febrero;Cineteca;El Fantasma Del Paraíso;47;Cine y Audiovisual
2024;Febrero;Cineteca;In the Wake;8;Cine y Audiovisual
2024;Febrero;Cineteca;Negu Hurbilak;23;Cine y Audiovisual
2024;Febrero;Cineteca;Cry Baby (El Lágrima);47;Cine y Audiovisual
2024;Febrero;Cineteca;Capítulo X: Máquinas Sónicas (El Ruido y Sus Dispositivos);4;Cine y Audiovisual
2024;Febrero;Cineteca;Descartes + Rocío;19;Cine y Audiovisual
2024;Febrero;Cineteca;Actrices;11;Cine y Audiovisual
2024;Febrero;Cineteca;Resignificando;2;Cine y Audiovisual
2024;Febrero;Cineteca;Los Asesinatos De Mamá;23;Cine y Audiovisual
2024;Marzo;Cineteca;Las Hermanas Munekata;21;Cine y Audiovisual
2024;Marzo;Cineteca;Ese Soplo;4;Cine y Audiovisual
2024;Marzo;Cineteca;One Cut of the Dead;12;Cine y Audiovisual
2024;Marzo;Cineteca;Guillermo Pérez Villalta: Del Agua y El Mediterráneo;1;Documental
2024;Marzo;Cineteca;Agujetas Cantaor;3;Documental
2024;Marzo;Cineteca;Maria Lassnig: Sesión De Cortometrajes;26;Cine y Audiovisual
2024;Marzo;Cineteca;En Nombre Del Padre;2;Cine y Audiovisual
2024;Marzo;Cineteca;Deborah Stratman: Sesión De Cortometrajes;18;Cine y Audiovisual
2024;Marzo;Cineteca;Blanco. Crear Como Acto De Ceguera;5;Cultura General
2024;Marzo;Cineteca;Life After Bob: The Chalice Study;2;Cine y Audiovisual
2024;Marzo;Cineteca;Polígono Sur (El Arte De Las Tres Mil);7;Documental
2024;Marzo;Cineteca;Carolee Schneemann: Sesión De Cortometrajes;25;Cine y Audiovisual
2024;Marzo;Cineteca;Negro. La Obra Monocroma;6;Cultura General
2024;Marzo;Cineteca;Zarata;3;Cine y Audiovisual
2024;Marzo;Cineteca;Sombras en El Paraíso;42;Cine y Audiovisual
2024;Marzo;Cineteca;Hamlet Va De Negocios;14;Cine y Audiovisual
2024;Marzo;Cineteca;Invisible Adversaries;5;Cine y Audiovisual
2024;Marzo;Cineteca;Palabras Suaves (Smooth Talk);42;Cine y Audiovisual
2024;Marzo;Cineteca;The Practice of Love;6;Cine y Audiovisual
2024;Marzo;Cineteca;Ensayos De Memoria: Ana García-Pineda y Paloma Polo;9;Cultura General
2024;Marzo;Cineteca;Ariel;32;Cine y Audiovisual
2024;Marzo;Cineteca;Leningrad Cowboys Go America;24;Cine y Audiovisual
2024;Marzo;Cineteca;Ru;9;Cine y Audiovisual
2024;Marzo;Cineteca;Allons Enfants;7;Cine y Audiovisual
2024;Marzo;Cineteca;Le Mandat;9;Cine y Audiovisual
2024;Marzo;Cineteca;Libertate;4;Cine y Audiovisual
2024;Marzo;Cineteca;Dancing on the Edge of a Volcano;4;Documental
2024;Marzo;Cineteca;Sink or Swim + Rules of the Road;22;Cine y Audiovisual
2024;Marzo;Cineteca;Contraté Un Asesino a Sueldo;40;Cine y Audiovisual
2024;Marzo;Cineteca;Narcisa Hirsch: Sesión De Cortometrajes;20;Cine y Audiovisual
2024;Marzo;Cineteca;Capitulo XI: Recuerdo De Luigi Nono (España en El Corazón);5;Cine y Audiovisual
2024;Marzo;Cineteca;The Ties that Bind + I Cannot Tell You How I Feel;12;Cine y Audiovisual
2024;Marzo;Cineteca;The Odds of Recovery;12;Cine y Audiovisual
2024;Marzo;Cineteca;Cine Documental II: Cuerpos;5;Documental
2024;Marzo;Cineteca;La Chica De La Fábrica De Cerillas;43;Cine y Audiovisual
2024;Marzo;Cineteca;Clorindo Testa;17;Documental
2024;Marzo;Cineteca;La Restauración;15;Cine y Audiovisual
2024;Marzo;Cineteca;La Vida De Bohemia;28;Cine y Audiovisual
2024;Marzo;Cineteca;Arnasa Betean. a Pulmón;2;Cine y Audiovisual
2024;Marzo;Cineteca;Agárrate El Pañuelo, Tatiana;23;Cine y Audiovisual
2024;Abril;Cineteca;El Gabinete Del Dr. Caligari;27;Cine y Audiovisual
2024;Abril;Cineteca;Stoker;15;Cine y Audiovisual
2024;Abril;Cineteca;Asesinos Natos;36;Cine y Audiovisual
2024;Abril;Cineteca;Septiembre;3;Cine y Audiovisual
2024;Abril;Cineteca;Dobla La Esquina, El Volcán;11;Cine y Audiovisual
2024;Abril;Cineteca;Rebeladas;2;Cine y Audiovisual
2024;Abril;Cineteca;La Función;17;Cine y Audiovisual
2024;Abril;Cineteca;Sed De Mal;23;Cine y Audiovisual
2024;Abril;Cineteca;Cartografía Provisional – Entrevista a Mi Madre;8;Cine y Audiovisual
2024;Abril;Cineteca;Quiero Ir a Casa;7;Cine y Audiovisual
2024;Abril;Cineteca;Los Puños Salvajes De Popeye;5;Cine y Audiovisual
2024;Abril;Cineteca;La Maldición De La Rejoneadora;13;Cine y Audiovisual
2024;Abril;Cineteca;Jodorowsky's Dune;24;Documental
2024;Abril;Cineteca;La Autografía Fulminante De Teo Hernández;19;Cine y Audiovisual
2024;Abril;Cineteca;El Quinto Elemento;30;Cine y Audiovisual
2024;Abril;Cineteca;Los Productores;4;Cine y Audiovisual
2024;Abril;Cineteca;The Warriors: Los Amos De La Noche;14;Cine y Audiovisual
2024;Abril;Cineteca;Hate Songs;1;Teatro y Escénicas
2024;Abril;Cineteca;Los 1001 Descorches;11;Documental
2024;Abril;Cineteca;Hijos De Los Hombres;21;Cine y Audiovisual
2024;Abril;Cineteca;Sueños y Pan;60;Cine y Audiovisual
2024;Abril;Cineteca;Las Zapatillas Rojas;39;Cine y Audiovisual
2024;Abril;Cineteca;El Gran Hotel Budapest;22;Cine y Audiovisual
2024;Abril;Cineteca;Capitulo XII: Recuerdo De Luigi Nono II (Hay Que Caminar Soñando);1;Cine y Audiovisual
2024;Abril;Cineteca;Five Dances;4;Cine y Audiovisual
2024;Abril;Cineteca;#seacabó;13;Teatro y Escénicas
2024;Abril;Cineteca;Fuego Fatuo;16;Cine y Audiovisual
2024;Abril;Cineteca;Pina;9;Documental
2024;Abril;Cineteca;El Laberinto: La Guerra Secreta De España;3;Documental
2024;Abril;Cineteca;Dancismo;4;Cine y Audiovisual
2024;Abril;Cineteca;Nuestro Último Baile;15;Cine y Audiovisual
2024;Mayo;Cineteca;Trilogía De La Haya;3;Cine y Audiovisual
2024;Mayo;Cineteca;Películas De Combate;18;Cine y Audiovisual
2024;Mayo;Cineteca;Historias Del Poder;1;Documental
2024;Mayo;Cineteca;Lugares Soñados;12;Cine y Audiovisual
2024;Mayo;Cineteca;La Guerra Al Periodismo;2;Documental
2024;Mayo;Cineteca;Nadadoras;1;Cine y Audiovisual
2024;Mayo;Cineteca;Nuestra Película;6;Cine y Audiovisual
2024;Mayo;Cineteca;Destierro;2;Cine y Audiovisual
2024;Mayo;Cineteca;La Caravana;1;Cine y Audiovisual
2024;Mayo;Cineteca;O Auto Das Ánimas;4;Cine y Audiovisual
2024;Mayo;Cineteca;Puerperio;1;Cine y Audiovisual
2024;Mayo;Cineteca;Un Gif Larguisimo;4;Cine y Audiovisual
2024;Mayo;Cineteca;Último Recurso;2;Cine y Audiovisual
2024;Mayo;Cineteca;Fail Better;4;Cine y Audiovisual
2024;Mayo;Cineteca;Le 17e Parallèle: La Guerre Du Peuple;3;Documental
2024;Mayo;Cineteca;Otoño en La Valcueva;1;Cine y Audiovisual
2024;Mayo;Cineteca;Geografías De La Soledad;3;Cine y Audiovisual
2024;Mayo;Cineteca;Un Sol Radiant;20;Cine y Audiovisual
2024;Mayo;Cineteca;Negro Púrpura;6;Cine y Audiovisual
2024;Mayo;Cineteca;L'été;19;Cine y Audiovisual
2024;Mayo;Cineteca;L'hiver;13;Cine y Audiovisual
2024;Mayo;Cineteca;Hogar, Dulce Hogar;6;Cine y Audiovisual
2024;Mayo;Cineteca;De Cielo y Arena;2;Cine y Audiovisual
2024;Mayo;Cineteca;Le Printemps;18;Cine y Audiovisual
2024;Mayo;Cineteca;Las Edades Sensibles a La Luz;1;Cine y Audiovisual
2024;Mayo;Cineteca;Zinzindurrunkarratz;13;Cine y Audiovisual
2024;Mayo;Cineteca;Octubre en Madrid;17;Cine y Audiovisual
2024;Mayo;Cineteca;Inauguración. 50 Años De 'Octubre à Madrid' (Diario Filmado);7;Cine y Audiovisual
2024;Mayo;Cineteca;Contractions + La Terminal;6;Cine y Audiovisual
2024;Mayo;Cineteca;Programa 1: ¿qué Es El Cine?;6;Cine y Audiovisual
2024;Mayo;Cineteca;La Historia Se Escribe De Noche + Mitahat Le Shemesh Khula;5;Cine y Audiovisual
2024;Mayo;Cineteca;Dulcinea;7;Cine y Audiovisual
2024;Mayo;Cineteca;Sampling Echoes. Programa 1;8;Cine y Audiovisual
2024;Mayo;Cineteca;Natsu No Uta;12;Cine y Audiovisual
2024;Mayo;Cineteca;Programa 2: Música De Cine;4;Cine y Audiovisual
2024;Mayo;Cineteca;El Canto De Los Años Nuevos + Los Restos Del Pasar;28;Cine y Audiovisual
2024;Mayo;Cineteca;The Roller, the Life, the Fight;5;Cine y Audiovisual
2024;Mayo;Cineteca;Sampling Echoes. Programa 2;6;Cine y Audiovisual
2024;Mayo;Cineteca;Amoramar + M-Hole;7;Cine y Audiovisual
2024;Mayo;Cineteca;Programa 3: Clásicos Austriacos;6;Cine y Audiovisual
2024;Mayo;Cineteca;Mitología De Barrio;4;Cine y Audiovisual
2024;Mayo;Cineteca;Ozr El Wezzah + Broken View;9;Cine y Audiovisual
2024;Junio;Cineteca;Buenos Aires Al Pacífico;3;Cine y Audiovisual
2024;Junio;Cineteca;Arturo a Los 30;24;Cine y Audiovisual
2024;Junio;Cineteca;Fragmentos Desde El Exilio + Luto + Homenaje a La Obra De Phillip Henry Gosse;1;Cine y Audiovisual
2024;Junio;Cineteca;Juana Banana;15;Cine y Audiovisual
2024;Junio;Cineteca;Las Cosas Indefinidas + Buscar Trabajo;6;Cine y Audiovisual
2024;Junio;Cineteca;Soc Filla De Ma Mare;4;Cine y Audiovisual
2024;Junio;Cineteca;El Enterrador y Sus Colegas;11;Cine y Audiovisual
2024;Junio;Cineteca;Un Hombre Sin Miedo;1;Cine y Audiovisual
2024;Junio;Cineteca;Where Elephants Go;3;Cine y Audiovisual
2024;Junio;Cineteca;El Futuro Del Pasado;2;Cine y Audiovisual
2024;Junio;Cineteca;Natatorium;5;Cine y Audiovisual
2024;Junio;Cineteca;It’s not My Film;4;Cine y Audiovisual
2024;Junio;Cineteca;Tornen Lágrimas a Incendios + La Tierra Los Altares;8;Cine y Audiovisual
2024;Junio;Cineteca;Historia De Pastores;11;Cine y Audiovisual
2024;Junio;Cineteca;On the Go;12;Cine y Audiovisual
2024;Junio;Cineteca;Mamá, Mamá, Mamá;24;Cine y Audiovisual
2024;Junio;Cineteca;Ry?ichi Sakamoto. Opus;18;Documental
2024;Junio;Cineteca;El Coso;13;Cine y Audiovisual
2024;Junio;Cineteca;Capítulo XIV: Dioses Varios (Espiritualidades Acústicas);2;Cine y Audiovisual
2024;Junio;Cineteca;Para Lucio;5;Cine y Audiovisual
2024;Junio;Cineteca;The Urgency of Death;18;Cine y Audiovisual
2024;Junio;Cineteca;Generación Lagartija;3;Cine y Audiovisual
2024;Junio;Cineteca;Break Nation;4;Cine y Audiovisual
2024;Junio;Cineteca;El Ansia;36;Cine y Audiovisual
2024;Junio;Cineteca;Nuestros Días Más Felices;4;Cine y Audiovisual
2024;Junio;Cineteca;Sesión De Cortometrajes Queer;9;Cine y Audiovisual
2024;Junio;Cineteca;Luces Azules;1;Cine y Audiovisual
2024;Junio;Cineteca;Reír, Cantar, Tal Vez Llorar;20;Cine y Audiovisual
2024;Junio;Cineteca;Corridas De Alegría;1;Cine y Audiovisual
2024;Junio;Cineteca;Baise-Moi (Fóllame);10;Cine y Audiovisual
2024;Junio;Cineteca;On the Go;12;Cine y Audiovisual
2024;Enero;Teatro Español;La Isla Del Aire;107;Teatro y Escénicas
2024;Enero;Teatro Español;El Silencio en Bodas De Sangre;29;Teatro y Escénicas
2024;Enero;Teatro Español;Carmen, Nada De Nadie;47;Teatro y Escénicas
2024;Febrero;Teatro Español;Es Peligroso Asomarse Al Exterior;761;Teatro y Escénicas
2024;Marzo;Teatro Español;Run Baby Run;273;Teatro y Escénicas
2024;Marzo;Teatro Español;Manual Para Armar Un Sueño;178;Teatro y Escénicas
2024;Marzo;Teatro Español;La Lucha Por La Vida;389;Teatro y Escénicas
2024;Abril;Teatro Español;Camino Largo De Vuelta a Casa;322;Teatro y Escénicas
2024;Abril;Teatro Español;Primer Combate Cuartos De Final. VIII Torneo De Dramaturgia;3;Teatro y Escénicas
2024;Abril;Teatro Español;Segundo Combate De Cuartos De Final. VIII Torneo De Dramaturgia;23;Teatro y Escénicas
2024;Abril;Teatro Español;Tercer Combate Cuartos De Final. VIII Torneo De Dramaturgia;19;Teatro y Escénicas
2024;Abril;Teatro Español;Alter Ego;68;Teatro y Escénicas
2024;Abril;Teatro Español;Cuarto Combate Cuartos De Final. VIII Torneo De Dramaturgia;24;Teatro y Escénicas
2024;Mayo;Teatro Español;Camargo;15;Teatro y Escénicas
2024;Mayo;Teatro Español;Primera Semifinal. VIII Torneo De Dramaturgia;24;Teatro y Escénicas
2024;Mayo;Teatro Español;Los Chicos De Baker-Miller;64;Teatro y Escénicas
2024;Mayo;Teatro Español;Segunda Semifinal. VIII Torneo De Dramaturgia;16;Teatro y Escénicas
2024;Mayo;Teatro Español;Rei Édipo;37;Teatro y Escénicas
2024;Mayo;Teatro Español;Dream;82;Teatro y Escénicas
2024;Mayo;Teatro Español;Te Estábamos Esperando;60;Teatro y Escénicas
2024;Mayo;Teatro Español;El Ardor;62;Teatro y Escénicas
2024;Junio;Teatro Español;El Fin;474;Teatro y Escénicas
2024;Junio;Teatro Español;Lucha y Metamorfosis De Una Mujer;165;Teatro y Escénicas
2024;Enero;Teatro Fernán Gómez. Centro Cultural De La Villa;Ron Lalá 4x4;136;Teatro y Escénicas
2024;Enero;Teatro Fernán Gómez. Centro Cultural De La Villa;PAELLA;109;Teatro y Escénicas
2024;Enero;Teatro Fernán Gómez. Centro Cultural De La Villa;TÍO VANIA;287;Teatro y Escénicas
2024;Febrero;Teatro Fernán Gómez. Centro Cultural De La Villa;LA REGENTA;432;Teatro y Escénicas
2024;Febrero;Teatro Fernán Gómez. Centro Cultural De La Villa;YERMA;360;Teatro y Escénicas
2024;Marzo;Teatro Fernán Gómez. Centro Cultural De La Villa;MI ABUELA NO SE LLAMA CARMEN;213;Teatro y Escénicas
2024;Marzo;Teatro Fernán Gómez. Centro Cultural De La Villa;TODAS LAS HIJAS;387;Teatro y Escénicas
2024;Abril;Teatro Fernán Gómez. Centro Cultural De La Villa;PARAÍSO;78;Teatro y Escénicas
2024;Abril;Teatro Fernán Gómez. Centro Cultural De La Villa;UN DELICADO EQUILIBRIO;352;Teatro y Escénicas
2024;Abril;Teatro Fernán Gómez. Centro Cultural De La Villa;Encendidas (Homenaje a Paca Aguirre);15;Teatro y Escénicas
2024;Abril;Teatro Fernán Gómez. Centro Cultural De La Villa;Protocolo Del Quebranto;70;Teatro y Escénicas
2024;Mayo;Teatro Fernán Gómez. Centro Cultural De La Villa;33 CERTAMEN DE COREOGRAFÍA DE DANZA ESPAÑOLA Y FLAMENCO;36;Teatro y Escénicas
2024;Mayo;Teatro Fernán Gómez. Centro Cultural De La Villa;DESCARADOS;301;Teatro y Escénicas
2024;Mayo;Teatro Fernán Gómez. Centro Cultural De La Villa;El Largo Camino (Historias De Ucrania);24;Teatro y Escénicas
2024;Junio;Teatro Fernán Gómez. Centro Cultural De La Villa;Sexpiertos;92;Teatro y Escénicas
2024;Junio;Teatro Fernán Gómez. Centro Cultural De La Villa;Raúl Rodríguez;29;Música y Conciertos
2024;Junio;Teatro Fernán Gómez. Centro Cultural De La Villa;Rosario La Tremendita;17;Música y Conciertos
2024;Junio;Teatro Fernán Gómez. Centro Cultural De La Villa;Luis Fercán;24;Música y Conciertos
2024;Junio;Teatro Fernán Gómez. Centro Cultural De La Villa;Tiento Nuovo & Ignacio Prego;39;Música y Conciertos
2024;Junio;Teatro Fernán Gómez. Centro Cultural De La Villa;Johanna Rose;36;Música y Conciertos
2024;Junio;Teatro Fernán Gómez. Centro Cultural De La Villa;Andoni Mercero y Alfonso Sebastián;11;Música y Conciertos
2024;Junio;Teatro Fernán Gómez. Centro Cultural De La Villa;L’Apothéose;34;Música y Conciertos
2024;Junio;Teatro Fernán Gómez. Centro Cultural De La Villa;Cia. Eduardo Guerrero / Seda: Jondo. Del Primer Llanto, Del Primer Beso;66;Teatro y Escénicas
2024;Junio;Teatro Fernán Gómez. Centro Cultural De La Villa;LA MOV BALLET: Tempus Fugit;58;Teatro y Escénicas
2024;Junio;Teatro Fernán Gómez. Centro Cultural De La Villa;Manuela Barrero dlcAos : Con Vos y Conmigo Sea. Libro II;27;Teatro y Escénicas
2024;Junio;Teatro Fernán Gómez. Centro Cultural De La Villa;Losdedae Dance Company: Tantas Flores;23;Teatro y Escénicas
2024;Junio;Teatro Fernán Gómez. Centro Cultural De La Villa;Ogmia / Eduardo Vallejo: Mother Tongue;34;Teatro y Escénicas
2024;Enero;Naves Del Español en Matadero;Tan Solo El Fin Del Mundo;50;Cine y Audiovisual
2024;Enero;Naves Del Español en Matadero;Las Locuras Por El Veraneo;245;Teatro y Escénicas
2024;Enero;Naves Del Español en Matadero;Nuestros Actos Ocultos;141;Teatro y Escénicas
2024;Febrero;Naves Del Español en Matadero;El Perro Del Teniente;651;Teatro y Escénicas
2024;Marzo;Naves Del Español en Matadero;Vania x Vania (Versión 2);448;Teatro y Escénicas
2024;Marzo;Naves Del Español en Matadero;Vania x Vania (Versión 1);228;Teatro y Escénicas
2024;Marzo;Naves Del Español en Matadero;Instrucciones Para Sobrevivir en Lo Oscuro;426;Teatro y Escénicas
2024;Abril;Naves Del Español en Matadero;Las Cautivas;150;Teatro y Escénicas
2024;Abril;Naves Del Español en Matadero;La Voluntad De Creer;460;Teatro y Escénicas
2024;Abril;Naves Del Español en Matadero;Amal (La Baldufa);17;Infantil / Familiar
2024;Mayo;Naves Del Español en Matadero;Historia De Una Oveja;29;Infantil / Familiar
2024;Mayo;Naves Del Español en Matadero;Archipiélago De Los Desastres;30;Teatro y Escénicas
2024;Mayo;Naves Del Español en Matadero;Jan Martens;63;Teatro y Escénicas
2024;Mayo;Naves Del Español en Matadero;Los Amigos De Ellos Dos;284;Teatro y Escénicas
2024;Mayo;Naves Del Español en Matadero;Poeta en Nueva York;342;Teatro y Escénicas
2024;Mayo;Naves Del Español en Matadero;Gran Final. VIII Torneo De Dramaturgia;23;Teatro y Escénicas
2024;Junio;Naves Del Español en Matadero;Festen;101;Teatro y Escénicas
2024;Junio;Naves Del Español en Matadero;Marceline;29;Teatro y Escénicas
2024;Junio;Naves Del Español en Matadero;14,4;5;Teatro y Escénicas
2024;Agosto;Actividades Culturales;A String Section;22;Teatro y Escénicas
2024;Agosto;Actividades Culturales;Alba Reche en Concierto;76;Música y Conciertos
2024;Agosto;Actividades Culturales;Arte, Pasión y Solera;58;Música y Conciertos
2024;Julio;Actividades Culturales;Assimilating / Moving State 1;53;Teatro y Escénicas
2024;Agosto;Actividades Culturales;Camela. Gira 30 Aniversario;39;Música y Conciertos
2024;Julio;Actividades Culturales;Compañía Nacional De Danza;189;Teatro y Escénicas
2024;Agosto;Actividades Culturales;El Sueño De Un Rey;8;Teatro y Escénicas
2024;Agosto;Actividades Culturales;Into Thin Air;36;Teatro y Escénicas
2024;Agosto;Actividades Culturales;Jimena Amarillo + Irenegarry;202;Música y Conciertos
2024;Agosto;Actividades Culturales;Kamishibai Cuentacuentos;12;Infantil / Familiar
2024;Agosto;Actividades Culturales;Los Bandos De Verona;38;Teatro y Escénicas
2024;Agosto;Actividades Culturales;Los Enredos De Scapin;42;Teatro y Escénicas
2024;Agosto;Actividades Culturales;LOVE LOVE LOVE;36;Teatro y Escénicas
2024;Agosto;Actividades Culturales;Luísa Sobral + Maria Reis;33;Música y Conciertos
2024;Agosto;Actividades Culturales;Madrid, Del Cuplé a Sabina;13;Música y Conciertos
2024;Agosto;Actividades Culturales;Maria Callas en La Voz De Pilar Jurado;41;Música y Conciertos
2024;Agosto;Actividades Culturales;Naturalmente Flamenco;93;Teatro y Escénicas
2024;Agosto;Actividades Culturales;Obra De Bolsillo;27;Teatro y Escénicas
2024;Agosto;Actividades Culturales;Opia;44;Teatro y Escénicas
2024;Agosto;Actividades Culturales;Paco Soto;16;Música y Conciertos
2024;Julio;Actividades Culturales;Puccini Dance Circus Opera, per Coro Di Corpi e Strumenti;84;Teatro y Escénicas
2024;Agosto;Actividades Culturales;Puccini Dance Circus Opera, per Coro Di Corpi e Strumenti;51;Teatro y Escénicas
2024;Agosto;Actividades Culturales;Rúbrica;31;Teatro y Escénicas
2024;Agosto;Actividades Culturales;Sonidos Líquidos (Wet Sounds);42;Cultura General
2024;Julio;Actividades Culturales;Una Velada Acústica Con Carla Bruni;35;Música y Conciertos
2024;Agosto;Actividades Culturales;Viaje De Vida y Vuelta;23;Teatro y Escénicas
2024;Agosto;Actividades Culturales;Vicente Navarro + Rocío Guzmán;26;Música y Conciertos
2024;Julio;Actividades Culturales;Zarzuela en Danza;100;Teatro y Escénicas
2024;Septiembre;Cineteca;Septiembre;6;Cine y Audiovisual
2024;Septiembre;Cineteca;[m]otherhood;12;Cine y Audiovisual
2024;Octubre;Cineteca;¿qué He Hecho Yo Para Merecer Esto?;44;Cine y Audiovisual
2024;Diciembre;Cineteca;10 Para La Libertad + Coloquio;4;Cine y Audiovisual
2024;Septiembre;Cineteca;5 Casas;4;Cine y Audiovisual
2024;Noviembre;Cineteca;Al Margen;44;Cine y Audiovisual
2024;Septiembre;Cineteca;Amarcord;34;Cine y Audiovisual
2024;Julio;Cineteca;Amazing Grace;5;Cine y Audiovisual
2024;Octubre;Cineteca;Archivistas Salvajes. Sesión 1;5;Cine y Audiovisual
2024;Octubre;Cineteca;Archivistas Salvajes. Sesión 2;7;Cine y Audiovisual
2024;Octubre;Cineteca;Archivistas Salvajes. Sesión 3;2;Cine y Audiovisual
2024;Octubre;Cineteca;Arena;12;Cine y Audiovisual
2024;Diciembre;Cineteca;Barbara;17;Cine y Audiovisual
2024;Septiembre;Cineteca;Batalla Más Allá Del Sol;2;Cine y Audiovisual
2024;Noviembre;Cineteca;Beckett y El Rinoceronte Blanco;2;Cine y Audiovisual
2024;Noviembre;Cineteca;Beicon + Out;4;Cine y Audiovisual
2024;Octubre;Cineteca;Bendita Tú;3;Cine y Audiovisual
2024;Diciembre;Cineteca;Blockade;6;Cine y Audiovisual
2024;Noviembre;Cineteca;Bodegón Con Fantasmas;15;Cine y Audiovisual
2024;Octubre;Cineteca;Capítulo XVI: Sonidos Danzantes (Cuerpos, Movimientos, Resonancias);5;Cine y Audiovisual
2024;Noviembre;Cineteca;Capítulo XVII: Música Numérica (Matemática Sonora);5;Cine y Audiovisual
2024;Diciembre;Cineteca;Capítulo XVIII: Comer y Sonar (Un Banquete Musical);2;Cine y Audiovisual
2024;Octubre;Cineteca;Carne De Tu Carne;17;Cine y Audiovisual
2024;Diciembre;Cineteca;Ciudadano Havel;5;Cine y Audiovisual
2024;Noviembre;Cineteca;Cold Sigh;2;Cine y Audiovisual
2024;Noviembre;Cineteca;Cortos Disidentes;14;Cine y Audiovisual
2024;Noviembre;Cineteca;Cortos Nacionales I;32;Cine y Audiovisual
2024;Octubre;Cineteca;Cuarencena;3;Cine y Audiovisual
2024;Septiembre;Cineteca;Cuatro en Jeep;2;Cine y Audiovisual
2024;Noviembre;Cineteca;Cuentos De Halloween;9;Cine y Audiovisual
2024;Noviembre;Cineteca;Cyborg Generation;23;Cine y Audiovisual
2024;Septiembre;Cineteca;Daguerrotipos;22;Cine y Audiovisual
2024;Septiembre;Cineteca;De Caballos y Guitarras;9;Cine y Audiovisual
2024;Septiembre;Cineteca;De Lorca a Lorca;20;Cine y Audiovisual
2024;Diciembre;Cineteca;De Un Tiempo Pasado a Esta Parte Futura;2;Cine y Audiovisual
2024;Octubre;Cineteca;Disaster Tourism;3;Cine y Audiovisual
2024;Septiembre;Cineteca;Divino Tesoro;4;Cine y Audiovisual
2024;Octubre;Cineteca;Dónde;12;Cine y Audiovisual
2024;Diciembre;Cineteca;El Ángel Azul;15;Cine y Audiovisual
2024;Diciembre;Cineteca;El Cabrero, Mi Patria Es La Libertad;2;Cine y Audiovisual
2024;Diciembre;Cineteca;El Cielo Sobre Berlín;9;Cine y Audiovisual
2024;Octubre;Cineteca;El Corazón De Europa;2;Cine y Audiovisual
2024;Septiembre;Cineteca;El Duro;1;Cine y Audiovisual
2024;Octubre;Cineteca;El Eco;7;Cine y Audiovisual
2024;Noviembre;Cineteca;El Embrujo De Shanghai;7;Cine y Audiovisual
2024;Septiembre;Cineteca;El Legado;3;Cine y Audiovisual
2024;Noviembre;Cineteca;El Segundo Acto;18;Cine y Audiovisual
2024;Octubre;Cineteca;El Vientre De Europa;6;Cine y Audiovisual
2024;Noviembre;Cineteca;En La Alcoba Del Sultán;19;Cine y Audiovisual
2024;Noviembre;Cineteca;Escáner - Sesión De Cortometrajes 2;22;Cine y Audiovisual
2024;Octubre;Cineteca;État De Nécessité;2;Cine y Audiovisual
2024;Noviembre;Cineteca;Felices Pascuas;6;Cine y Audiovisual
2024;Octubre;Cineteca;Fin De Viaje - Sahara;9;Cine y Audiovisual
2024;Octubre;Cineteca;Freddy;1;Cine y Audiovisual
2024;Noviembre;Cineteca;From My Cold Dead Hands;12;Cine y Audiovisual
2024;Noviembre;Cineteca;Globomanía;3;Cine y Audiovisual
2024;Noviembre;Cineteca;Grand Tour;10;Cine y Audiovisual
2024;Noviembre;Cineteca;Hija Del Volcán;2;Cine y Audiovisual
2024;Noviembre;Cineteca;Historia De Pastores;21;Cine y Audiovisual
2024;Septiembre;Cineteca;History and Memory: For Akiko and Takashige + Lovely Andrea;9;Cine y Audiovisual
2024;Septiembre;Cineteca;Homenaje a Rebecca Collins (1982-2024);6;Cine y Audiovisual
2024;Diciembre;Cineteca;Hook (El Capitán Garfio);2;Cine y Audiovisual
2024;Diciembre;Cineteca;Jerzy Kucia. El Maestro;5;Cine y Audiovisual
2024;Octubre;Cineteca;Kenya;3;Cine y Audiovisual
2024;Noviembre;Cineteca;La Buena Estrella;7;Cine y Audiovisual
2024;Octubre;Cineteca;La Ferme Des Bertrand;3;Cine y Audiovisual
2024;Octubre;Cineteca;La Guardia Blanca;1;Cine y Audiovisual
2024;Septiembre;Cineteca;La Hojarasca;3;Cine y Audiovisual
2024;Noviembre;Cineteca;La Luz Que Imaginamos;10;Cine y Audiovisual
2024;Septiembre;Cineteca;La Mano De Madera;8;Cine y Audiovisual
2024;Octubre;Cineteca;La Mansión De Araucaima;7;Cine y Audiovisual
2024;Septiembre;Cineteca;La Mecánica De Los Fluidos;13;Cine y Audiovisual
2024;Octubre;Cineteca;La Noche Del Chihuahua;6;Cine y Audiovisual
2024;Diciembre;Cineteca;La Parra;17;Cine y Audiovisual
2024;Septiembre;Cineteca;La Película;6;Cine y Audiovisual
2024;Septiembre;Cineteca;La Singla;7;Cine y Audiovisual
2024;Septiembre;Cineteca;La Tara;4;Cine y Audiovisual
2024;Septiembre;Cineteca;Las Películas De Mi Padre;7;Cine y Audiovisual
2024;Octubre;Cineteca;Llamadas Desde Moscú;14;Cine y Audiovisual
2024;Septiembre;Cineteca;Lo Que Va Por Debajo;5;Cine y Audiovisual
2024;Octubre;Cineteca;Loose Ends / Cabos Sueltos;11;Cine y Audiovisual
2024;Diciembre;Cineteca;Los Árboles No Dejan Ver El Bosque;6;Cine y Audiovisual
2024;Diciembre;Cineteca;Los Cazafantasmas;2;Cine y Audiovisual
2024;Octubre;Cineteca;Los Ojos De Europa;4;Cine y Audiovisual
2024;Noviembre;Cineteca;Lumbrensueño;2;Cine y Audiovisual
2024;Diciembre;Cineteca;M, El Vampiro De Düsseldorf;22;Cine y Audiovisual
2024;Octubre;Cineteca;Maioria Absoluta + ABC Da Greve;5;Cine y Audiovisual
2024;Septiembre;Cineteca;Marie-Louise;4;Cine y Audiovisual
2024;Noviembre;Cineteca;Marina, Unplugged;2;Cine y Audiovisual
2024;Diciembre;Cineteca;Mariposas Negras;9;Cine y Audiovisual
2024;Noviembre;Cineteca;MRGENTE – Sesión 1;8;Cine y Audiovisual
2024;Noviembre;Cineteca;MRGENTE – Sesión 2;9;Cine y Audiovisual
2024;Noviembre;Cineteca;MRGENTE – Sesión 3;9;Cine y Audiovisual
2024;Septiembre;Cineteca;Muriel (El Tiempo De Un Retorno);15;Cine y Audiovisual
2024;Noviembre;Cineteca;Naturalezas Del Retrato;4;Cine y Audiovisual
2024;Septiembre;Cineteca;No Home Movie;26;Cine y Audiovisual
2024;Diciembre;Cineteca;Nosferatu;44;Cine y Audiovisual
2024;Noviembre;Cineteca;Objeto De Estudio;4;Cine y Audiovisual
2024;Septiembre;Cineteca;Os Reviento;4;Cine y Audiovisual
2024;Diciembre;Cineteca;Panorama De Animación Española;3;Cine y Audiovisual
2024;Octubre;Cineteca;Permanecer en Ningún Sitio;11;Cine y Audiovisual
2024;Octubre;Cineteca;Pura Sangre;23;Cine y Audiovisual
2024;Septiembre;Cineteca;Rash?mon;34;Cine y Audiovisual
2024;Noviembre;Cineteca;Reas;17;Cine y Audiovisual
2024;Diciembre;Cineteca;Reír, Cantar, Tal Vez Llorar;24;Cine y Audiovisual
2024;Octubre;Cineteca;Rejeito;6;Cine y Audiovisual
2024;Noviembre;Cineteca;Rocco & Sjuul;1;Cine y Audiovisual
2024;Noviembre;Cineteca;Rubikon;5;Cine y Audiovisual
2024;Noviembre;Cineteca;S/He is Still Here;9;Cine y Audiovisual
2024;Diciembre;Cineteca;Sanatorium Under the Sign of the Hourglass;22;Cine y Audiovisual
2024;Noviembre;Cineteca;School Privada Alfonsina Storni;13;Cine y Audiovisual
2024;Diciembre;Cineteca;Sección Oficial De Cortometrajes (I);6;Cine y Audiovisual
2024;Diciembre;Cineteca;Sección Oficial De Cortometrajes (II);1;Cine y Audiovisual
2024;Diciembre;Cineteca;Sección Oficial De Cortometrajes (III);2;Cine y Audiovisual
2024;Octubre;Cineteca;Serie Del Caminante: Cortometrajes;29;Cine y Audiovisual
2024;Octubre;Cineteca;Serie Del Caminante: Mediometrajes;18;Cine y Audiovisual
2024;Diciembre;Cineteca;Sesión 1;12;Cine y Audiovisual
2024;Septiembre;Cineteca;Sesión De Cortometrajes 1;9;Cine y Audiovisual
2024;Septiembre;Cineteca;Sesión De Cortometrajes 2;4;Cine y Audiovisual
2024;Septiembre;Cineteca;Sesión De Cortometrajes 3;4;Cine y Audiovisual
2024;Noviembre;Cineteca;Sesión De Inauguración - LesGaiCineMad 2024;18;Cine y Audiovisual
2024;Diciembre;Cineteca;Sesión De Inauguración: Le Tableau + Rock Bottom;6;Cine y Audiovisual
2024;Septiembre;Cineteca;Sew to Say / Coser Para Decir;5;Cine y Audiovisual
2024;Noviembre;Cineteca;Sin Noticias De Dios;4;Cine y Audiovisual
2024;Noviembre;Cineteca;Sobre El Bowery;10;Cine y Audiovisual
2024;Septiembre;Cineteca;Stream;6;Cine y Audiovisual
2024;Septiembre;Cineteca;The Life and Times of Rosie the Riveter;3;Cine y Audiovisual
2024;Noviembre;Cineteca;The River;19;Cine y Audiovisual
2024;Septiembre;Cineteca;Tierra De Nuestras Madres;8;Cine y Audiovisual
2024;Septiembre;Cineteca;Tocar El Cielo Con Los Ojos;1;Cine y Audiovisual
2024;Octubre;Cineteca;Total Refusal. Sesión I Cortometrajes;6;Cine y Audiovisual
2024;Octubre;Cineteca;Total Refusal. Sesión II Cortometrajes;8;Cine y Audiovisual
2024;Octubre;Cineteca;Tótem;8;Cine y Audiovisual
2024;Septiembre;Cineteca;Tratamos Demasiado Bien a Las Mujeres;31;Cine y Audiovisual
2024;Septiembre;Cineteca;Ullate. La Danza De La Vida;5;Cine y Audiovisual
2024;Noviembre;Cineteca;Un Baño Propio;20;Cine y Audiovisual
2024;Octubre;Cineteca;Un Volcán Habitado;10;Cine y Audiovisual
2024;Noviembre;Cineteca;Una Película Barata;22;Cine y Audiovisual
2024;Octubre;Cineteca;Valentina o La Serenidad;2;Cine y Audiovisual
2024;Noviembre;Cineteca;Vergüenza;4;Cine y Audiovisual
2024;Septiembre;Cineteca;Vínculo, La Llamada Del Pingüino;3;Cine y Audiovisual
2024;Noviembre;Cineteca;Vuelve, África;8;Cine y Audiovisual
2024;Diciembre;Cineteca;Wa??sa. La Esperanza De Un Pueblo;1;Cine y Audiovisual
2024;Noviembre;Cineteca;Who Do I Belong to;6;Cine y Audiovisual
2024;Noviembre;Teatro Circo Price;CIRCO PRICE en NAVIDAD;78;Circo y Espectáculos Familiares
2024;Diciembre;Teatro Circo Price;CIRCO PRICE en NAVIDAD;232;Circo y Espectáculos Familiares
2024;Octubre;Teatro Circo Price;COMPAÑÍA DE CIRCO NUEVEUNO;114;Circo y Espectáculos Familiares
2024;Octubre;Teatro Circo Price;FIRCO;188;Circo y Espectáculos Familiares
2024;Septiembre;Teatro Circo Price;PROYECTO CRECE 2024;73;Circo y Espectáculos Familiares
2024;Diciembre;Conde Duque;«blue Sun Palace»;9;Teatro y Escénicas
2024;Noviembre;Conde Duque;«dahomey»;11;Cine y Audiovisual
2024;Octubre;Conde Duque;«no Other Land»;10;Cine y Audiovisual
2024;Diciembre;Conde Duque;38º CERTAMEN COREOGRÁFICO DE MADRID;77;Teatro y Escénicas
2024;Octubre;Conde Duque;Ana Lua Caiano;34;Música y Conciertos
2024;Octubre;Conde Duque;Bü?ra Kay?kç?;30;Música y Conciertos
2024;Noviembre;Conde Duque;CCN - BALLET DE LORRAINE «static Shot (Maud Le Pladec)/ Malón (Ayelén Parolin)»;51;Teatro y Escénicas
2024;Noviembre;Conde Duque;Dani Llamas;1;Música y Conciertos
2024;Noviembre;Conde Duque;Forced Entertainment «to MOVE in TIME»;23;Teatro y Escénicas
2024;Octubre;Conde Duque;Itsaso Arana «las CHICAS ESTÁN BIEN»;51;Teatro y Escénicas
2024;Octubre;Conde Duque;La Tristura «renacimiento»;31;Teatro y Escénicas
2024;Octubre;Conde Duque;Lagartijas Tiradas Al Sol «centroamérica»;68;Teatro y Escénicas
2024;Octubre;Conde Duque;Montdedutor - Guillem De Palol/Jorge Dutor;5;Teatro y Escénicas
2024;Diciembre;Conde Duque;Pablo Remón «barbados en 2022»;53;Teatro y Escénicas
2024;Octubre;Conde Duque;Robin Fox «triptych»;24;Música y Conciertos
2024;Diciembre;Conde Duque;Trajal Harrell;37;Teatro y Escénicas
2024;Octubre;Conde Duque;Victoria Canal;22;Música y Conciertos
2024;Octubre;Conde Duque;Violeta Gil y Abraham Boba «antes De Que Tiréis Mis Cosas»;55;Teatro y Escénicas
2024;Noviembre;Fernán Gómez;ANTONIO LIZANA;65;Música y Conciertos
2024;Noviembre;Fernán Gómez;CHANO DOMÍNGUEZ TRÍO;77;Música y Conciertos
2024;Noviembre;Fernán Gómez;CHRISTIAN MCBRIDE;50;Música y Conciertos
2024;Septiembre;Fernán Gómez;Cigarreras;285;Teatro y Escénicas
2024;Octubre;Fernán Gómez;Cigarreras;392;Teatro y Escénicas
2024;Noviembre;Fernán Gómez;CREATIVA GRAND ENSEMBLE;4;Música y Conciertos
2024;Noviembre;Fernán Gómez;CROSSCURRENTS TRIO;64;Música y Conciertos
2024;Noviembre;Fernán Gómez;DEE DEE BRIDGEWATER;119;Música y Conciertos
2024;Noviembre;Fernán Gómez;EL MONTE DE LAS ÁNIMAS (HISTORIAS DE TERROR);418;Teatro y Escénicas
2024;Diciembre;Fernán Gómez;EL MONTE DE LAS ÁNIMAS (HISTORIAS DE TERROR);48;Teatro y Escénicas
2024;Noviembre;Fernán Gómez;ELIANE ELIAS;75;Música y Conciertos
2024;Noviembre;Fernán Gómez;KURT ROSENWINKEL TRIO;66;Música y Conciertos
2024;Noviembre;Fernán Gómez;LADY BLACKBIRD;60;Música y Conciertos
2024;Noviembre;Fernán Gómez;LAKECIA BENJAMIN;90;Música y Conciertos
2024;Septiembre;Fernán Gómez;Loba;30;Teatro y Escénicas
2024;Octubre;Fernán Gómez;Loba;264;Teatro y Escénicas
2024;Noviembre;Fernán Gómez;MARIA SCHNEIDER;54;Música y Conciertos
2024;Diciembre;Fernán Gómez;MÁS ALLÁ DEL PRINCIPITO;88;Teatro y Escénicas
2024;Noviembre;Fernán Gómez;New Orleans Gospel Choir;164;Música y Conciertos
2024;Diciembre;Fernán Gómez;Soweto Gospel Choir;160;Música y Conciertos
2024;Diciembre;Fernán Gómez;TESTIGO DE CARGO;131;Teatro y Escénicas
2024;Diciembre;Fernán Gómez;The Mississippi Mass Choir;95;Música y Conciertos
2024;Diciembre;Fernán Gómez;The South Carolina Gospel Choir;135;Música y Conciertos
2024;Julio;Nave 10;Guardianes Del Corazón De La Tierra;66;Teatro y Escénicas
2024;Noviembre;Nave 10;Jauría;79;Teatro y Escénicas
2024;Octubre;Nave 10;Juana De Arco;359;Teatro y Escénicas
2024;Noviembre;Nave 10;La Gramática;0;Teatro y Escénicas
2024;Diciembre;Nave 10;La Gramática;478;Teatro y Escénicas
2024;Octubre;Teatro Español;Bernice;45;Teatro y Escénicas
2024;Noviembre;Teatro Español;Bernice;309;Teatro y Escénicas
2024;Diciembre;Teatro Español;Bernice;48;Teatro y Escénicas
2024;Septiembre;Teatro Español;Carmen, Nada De Nadie;199;Teatro y Escénicas
2024;Octubre;Teatro Español;Carmen, Nada De Nadie;24;Teatro y Escénicas
2024;Noviembre;Teatro Español;Coloquios Glaspell // Ignacio García May + Noelia Hernando Real;3;Cultura General
2024;Noviembre;Teatro Español;Coloquios Glaspell // Paula Paz + Itziar Pascual;4;Cultura General
2024;Octubre;Teatro Español;Coloquios Valle-Inclán // José Ramón Fernández + Rocío Bello;11;Cultura General
2024;Julio;Teatro Español;El Fin;252;Teatro y Escénicas
2024;Diciembre;Teatro Español;El Niño Erizo;8;Teatro y Escénicas
2024;Noviembre;Teatro Español;La Lámpara Maravillosa;9;Teatro y Escénicas
2024;Octubre;Teatro Español;Luces De Bohemia;505;Teatro y Escénicas
2024;Noviembre;Teatro Español;Luces De Bohemia;162;Teatro y Escénicas
2024;Julio;Teatro Español;Lucha y Metamorfosis De Una Mujer;57;Teatro y Escénicas
2024;Julio;Teatro Español;Othelo (Termina Mal);125;Teatro y Escénicas
2024;Diciembre;Teatro Español;Soñando El Carnaval De Los Animales;26;Teatro y Escénicas
2024;Diciembre;Teatro Español;Viento Fuerte;72;Teatro y Escénicas
2025;Mayo;Actividades Culturales;A Orillas Del Cante;21;Teatro y Escénicas
2025;Mayo;Actividades Culturales;Dieciocho Cuerdas;22;Teatro y Escénicas
2025;Mayo;Actividades Culturales;Kintsugi;23;Teatro y Escénicas
2025;Mayo;Actividades Culturales;Con Acento XL: Chico Pérez & Sergio De Lope;24;Música y Conciertos
2025;Junio;Actividades Culturales;¡lorca!;56;Teatro y Escénicas
2025;Junio;Actividades Culturales;Los Magníficos;31;Teatro y Escénicas
2025;Febrero;Centro Danza Matadero;Chaillot Théâtre National De La Danse | Rachid Ouramdane;262;Cultura General
2025;Febrero;Centro Danza Matadero;IT Dansa;92;Teatro y Escénicas
2025;Marzo;Centro Danza Matadero;Compañía Daniel Abreu - El Hijo;74;Teatro y Escénicas
2025;Marzo;Centro Danza Matadero;Compañía Daniel Abreu - La Desnudez;81;Teatro y Escénicas
2025;Marzo;Centro Danza Matadero;Compañía Daniel Abreu - VAV;75;Teatro y Escénicas
2025;Marzo;Centro Danza Matadero;Compañía David Coria - ¡fandango!;83;Teatro y Escénicas
2025;Marzo;Centro Danza Matadero;Compañía David Coria - Los Bailes Robados;151;Teatro y Escénicas
2025;Marzo;Centro Danza Matadero;Käfig Companie - Mourad Merzouki;198;Teatro y Escénicas
2025;Marzo;Centro Danza Matadero;Kukai Dantza - Jesús Rubio;166;Teatro y Escénicas
2025;Abril;Centro Danza Matadero;Andrés Marín & Ana Morales;92;Teatro y Escénicas
2025;Abril;Centro Danza Matadero;ARACALADANZA;103;Infantil / Familiar
2025;Mayo;Centro Danza Matadero;Mal Pelo;114;Teatro y Escénicas
2025;Junio;Centro Danza Matadero;Farruquito;100;Teatro y Escénicas
2025;Junio;Centro Danza Matadero;Lucía Lacarra Ballet;157;Teatro y Escénicas
2025;Junio;Centro Danza Matadero;Magnificat;31;Teatro y Escénicas
2025;Enero;Cineteca;[on Set With] Lilly Reich;9;Cine y Audiovisual
2025;Enero;Cineteca;Almost a Miracle;6;Cine y Audiovisual
2025;Enero;Cineteca;Arquitectura Emocional 1959;48;Cine y Audiovisual
2025;Enero;Cineteca;Big Ears Listen with Feet;4;Cine y Audiovisual
2025;Enero;Cineteca;Bodegón Con Fantasmas;36;Cine y Audiovisual
2025;Enero;Cineteca;Der Traumhafte Weg;3;Cine y Audiovisual
2025;Enero;Cineteca;El Vecindario;6;Cine y Audiovisual
2025;Enero;Cineteca;Estudio De Modelos;25;Cine y Audiovisual
2025;Enero;Cineteca;From My Cold Dead Hands;24;Cine y Audiovisual
2025;Enero;Cineteca;Hormigas Perplejas;3;Cine y Audiovisual
2025;Enero;Cineteca;Koolhaas Houselife;13;Cine y Audiovisual
2025;Enero;Cineteca;La Sapienza;11;Cine y Audiovisual
2025;Enero;Cineteca;Las Hermanas Alemanas;6;Cine y Audiovisual
2025;Enero;Cineteca;Las Horas Del Verano;9;Cine y Audiovisual
2025;Enero;Cineteca;Las Novias Del Sur;35;Cine y Audiovisual
2025;Enero;Cineteca;Legend;2;Cine y Audiovisual
2025;Enero;Cineteca;Los Restos Del Pasar;48;Cine y Audiovisual
2025;Enero;Cineteca;Love is Hard for Otaku;9;Cine y Audiovisual
2025;Enero;Cineteca;Millennium Actress;45;Cine y Audiovisual
2025;Enero;Cineteca;Miocardio;17;Cine y Audiovisual
2025;Enero;Cineteca;Mitología De Barrio;69;Cine y Audiovisual
2025;Enero;Cineteca;New Madrid + La Casa De Julio Iglesias;13;Cine y Audiovisual
2025;Enero;Cineteca;Objeto De Estudio;13;Cine y Audiovisual
2025;Enero;Cineteca;Pecoross’ Mother and Her Days;3;Cine y Audiovisual
2025;Enero;Cineteca;Perfect Blue;42;Cine y Audiovisual
2025;Enero;Cineteca;Programa 1;28;Cine y Audiovisual
2025;Enero;Cineteca;Programa 2;29;Cine y Audiovisual
2025;Enero;Cineteca;Programa 3;26;Cine y Audiovisual
2025;Enero;Cineteca;Saturno;8;Cine y Audiovisual
2025;Enero;Cineteca;Synecdoche, New York;47;Cine y Audiovisual
2025;Enero;Cineteca;The Dawn of Kaiju Eiga;4;Cine y Audiovisual
2025;Enero;Cineteca;The Human Hibernation;27;Cine y Audiovisual
2025;Enero;Cineteca;The Sense of Tuning;7;Cine y Audiovisual
2025;Enero;Cineteca;Tokyo Ride;10;Cine y Audiovisual
2025;Enero;Cineteca;Tríptico;6;Cine y Audiovisual
2025;Enero;Cineteca;What Did You Eat Yesterday?;8;Cine y Audiovisual
2025;Febrero;Cineteca;Carlo Ginzburg, Tout M’intéresse Là-Bas;8;Cultura General
2025;Febrero;Cineteca;Cineastas Andaluzas: Pilar Távora;7;Cine y Audiovisual
2025;Febrero;Cineteca;Conferencia De Eurídice Cabañes + eXistenZ;24;Cultura General
2025;Febrero;Cineteca;Conferencia De Javier Gomá + El Sabor Del Té Verde Con Arroz;26;Cultura General
2025;Febrero;Cineteca;Conferencia De Victoria Cirlot + Una Habitación en La Ciudad;35;Cultura General
2025;Febrero;Cineteca;Cyborg Generation;34;Cine y Audiovisual
2025;Febrero;Cineteca;Dulcinea;6;Cine y Audiovisual
2025;Febrero;Cineteca;El Año Pasado en Marienbad;50;Cine y Audiovisual
2025;Febrero;Cineteca;El Arte De Los Analfabetos;12;Cine y Audiovisual
2025;Febrero;Cineteca;Georges Didi-Huberman – Douze Images Pour Le Meilleur et Pour Le Pire;27;Cultura General
2025;Febrero;Cineteca;Gertrud;37;Cine y Audiovisual
2025;Febrero;Cineteca;Jeanne Dielman, 23 Quai Du Commerce, 1080 Bruxelles;51;Cine y Audiovisual
2025;Febrero;Cineteca;Kaza-Hana;17;Cine y Audiovisual
2025;Febrero;Cineteca;La Americanización De Emily;5;Cine y Audiovisual
2025;Febrero;Cineteca;La Carmen;9;Cine y Audiovisual
2025;Febrero;Cineteca;La Jetée;28;Cine y Audiovisual
2025;Febrero;Cineteca;La Llegada;25;Cine y Audiovisual
2025;Febrero;Cineteca;La Marsellesa De Los Borrachos;4;Cine y Audiovisual
2025;Febrero;Cineteca;Las Manos en Los Bolsillos;29;Cine y Audiovisual
2025;Febrero;Cineteca;Los Niños Del Paraíso;25;Cine y Audiovisual
2025;Febrero;Cineteca;Los Últimos;3;Cine y Audiovisual
2025;Febrero;Cineteca;Love Hotel;27;Cine y Audiovisual
2025;Febrero;Cineteca;P. P. Rider;28;Cine y Audiovisual
2025;Febrero;Cineteca;Sailor Suit and Machine Gun;27;Cine y Audiovisual
2025;Febrero;Cineteca;Sesión De Cortometrajes De Don Hertzfeldt;24;Cine y Audiovisual
2025;Febrero;Cineteca;Shatter Belt;1;Cine y Audiovisual
2025;Febrero;Cineteca;Svetlana Alpers, Distance et Étrangeté;11;Cultura General
2025;Febrero;Cineteca;Tres Colores: Azul;49;Cine y Audiovisual
2025;Febrero;Cineteca;Tres Colores: Blanco;54;Cine y Audiovisual
2025;Febrero;Cineteca;Tres Colores: Rojo;51;Cine y Audiovisual
2025;Febrero;Cineteca;Typhoon Club;29;Cine y Audiovisual
2025;Febrero;Cineteca;Un Hombre De Verdad;15;Cine y Audiovisual
2025;Febrero;Cineteca;Victor Stoichita – L’image Super-Langage;5;Cultura General
2025;Marzo;Cineteca;Animalia;12;Cine y Audiovisual
2025;Marzo;Cineteca;Capítulo XIX: Música en El Tiempo (Escuchar La Duración);4;Cine y Audiovisual
2025;Marzo;Cineteca;Cézanne + Una Visita Al Louvre;23;Cine y Audiovisual
2025;Marzo;Cineteca;Daniela Forever;13;Cine y Audiovisual
2025;Marzo;Cineteca;El Caftán Azul;12;Cine y Audiovisual
2025;Marzo;Cineteca;El Gran Museo;5;Cine y Audiovisual
2025;Marzo;Cineteca;El Jurado;4;Cine y Audiovisual
2025;Marzo;Cineteca;El Reverso Del Placer;8;Cine y Audiovisual
2025;Marzo;Cineteca;El Vuelo Del Globo Rojo;16;Cine y Audiovisual
2025;Marzo;Cineteca;Entre Las Higueras;16;Cine y Audiovisual
2025;Marzo;Cineteca;Fatamorgana;1;Cine y Audiovisual
2025;Marzo;Cineteca;Here (Aquí);41;Cine y Audiovisual
2025;Marzo;Cineteca;Hija Del Volcán;7;Cine y Audiovisual
2025;Marzo;Cineteca;La Mejor Idea (Un Americano Con El Culo Al Aire);3;Cine y Audiovisual
2025;Marzo;Cineteca;La Restauración;6;Cine y Audiovisual
2025;Marzo;Cineteca;La Revolución De Las Musas;9;Cine y Audiovisual
2025;Marzo;Cineteca;Las Cuatro Hijas;20;Cine y Audiovisual
2025;Marzo;Cineteca;Los Flamencos;11;Cine y Audiovisual
2025;Marzo;Cineteca;Maria K + Fantasmagoría;9;Cine y Audiovisual
2025;Marzo;Cineteca;Maternidades Filmadas: El Parto en La Pantalla;9;Cine y Audiovisual
2025;Marzo;Cineteca;Mi Hermano Ali;9;Cine y Audiovisual
2025;Marzo;Cineteca;Mujeres Calvas;4;Cine y Audiovisual
2025;Marzo;Cineteca;Nothing Compares;20;Cine y Audiovisual
2025;Marzo;Cineteca;Papicha, Sueños De Libertad;8;Cine y Audiovisual
2025;Marzo;Cineteca;Paraules D'amor. Un Assaig Sobre Les Passions;12;Cine y Audiovisual
2025;Marzo;Cineteca;Perennial Light;10;Cine y Audiovisual
2025;Marzo;Cineteca;R.M.N.;5;Cine y Audiovisual
2025;Marzo;Cineteca;Sesión De Cortometrajes De Alain Resnais;18;Cine y Audiovisual
2025;Marzo;Cineteca;Sobreviure a L'incendi: El Documental De ZOO;12;Cine y Audiovisual
2025;Marzo;Cineteca;Ta Acorda Ba Tu El Filipinas?;5;Cine y Audiovisual
2025;Marzo;Cineteca;Temas, Variaciones, Continuidades: El Cine De Germaine Dulac y Marcelle Thirache;18;Cine y Audiovisual
2025;Marzo;Cineteca;Tierra Baja;8;Cine y Audiovisual
2025;Marzo;Cineteca;Un Baño Propio;17;Cine y Audiovisual
2025;Marzo;Cineteca;Vermiglio;7;Cine y Audiovisual
2025;Marzo;Cineteca;Videoartistas Contemporáneas: Susana De Sousa Dias;6;Cine y Audiovisual
2025;Marzo;Cineteca;Volver a Empezar;5;Cine y Audiovisual
2025;Abril;Cineteca;¡caigan Las Rosas Blancas!;31;Cine y Audiovisual
2025;Abril;Cineteca;Ana Esteve, Cielo Azul Artificial;5;Cine y Audiovisual
2025;Abril;Cineteca;Atención a Esa Prostituta Tan Querida;21;Cine y Audiovisual
2025;Abril;Cineteca;Bajo Una Lluvia Ajena;2;Cine y Audiovisual
2025;Abril;Cineteca;Capítulo XX: Veinte Años De in-SONORA (y De Artistas Convocados en Madrid);2;Cine y Audiovisual
2025;Abril;Cineteca;Caroline Avery: Filmar Con Las Manos, Pintar Con Los Ojos;23;Cine y Audiovisual
2025;Abril;Cineteca;Chaplin. Espíritu Gitano;4;Cine y Audiovisual
2025;Abril;Cineteca;Código Marcos;6;Cine y Audiovisual
2025;Abril;Cineteca;Daniela Forever;10;Cine y Audiovisual
2025;Abril;Cineteca;Effi Briest;14;Cine y Audiovisual
2025;Abril;Cineteca;El Amor Es Más Frío Que La Muerte;27;Cine y Audiovisual
2025;Abril;Cineteca;El Asado De Satán;22;Cine y Audiovisual
2025;Abril;Cineteca;El Día De La Bestia;15;Cine y Audiovisual
2025;Abril;Cineteca;El Retablo De Las Maravillas. Apuntes Para Una Película Sobre El Quijote;3;Cine y Audiovisual
2025;Abril;Cineteca;Fausto;25;Cine y Audiovisual
2025;Abril;Cineteca;Gran Redada Gitana;4;Cine y Audiovisual
2025;Abril;Cineteca;Inés, Hermana Mía + Fiesta Gitana Con Los Pinini;7;Cine y Audiovisual
2025;Abril;Cineteca;Itoiz Udako Sesioak;1;Cine y Audiovisual
2025;Abril;Cineteca;Jacques Léonard, El Payo Chac;1;Cine y Audiovisual
2025;Abril;Cineteca;Katzelmacher;18;Cine y Audiovisual
2025;Abril;Cineteca;La Noche Del Ejecutor;5;Cine y Audiovisual
2025;Abril;Cineteca;Llámame Paul;2;Cine y Audiovisual
2025;Abril;Cineteca;Lola;38;Cine y Audiovisual
2025;Abril;Cineteca;Métamorphoses;5;Cine y Audiovisual
2025;Abril;Cineteca;Mi Hermano Ali;4;Cine y Audiovisual
2025;Abril;Cineteca;Miocardio;17;Cine y Audiovisual
2025;Abril;Cineteca;Misericordia;13;Cine y Audiovisual
2025;Abril;Cineteca;Onirica: Field of Dogs;7;Cine y Audiovisual
2025;Abril;Cineteca;Pickpocket;14;Cine y Audiovisual
2025;Abril;Cineteca;Querelle;49;Cine y Audiovisual
2025;Abril;Cineteca;Réplica;6;Cine y Audiovisual
2025;Abril;Cineteca;Romnia: Matar El Mito De Carmen;6;Cine y Audiovisual
2025;Abril;Cineteca;The Birthday 4k;16;Cine y Audiovisual
2025;Abril;Cineteca;Todos Nos Llamamos Alí;12;Cine y Audiovisual
2025;Abril;Cineteca;Un Hombre Libre;20;Cine y Audiovisual
2025;Abril;Cineteca;Vermiglio;12;Cine y Audiovisual
2025;Abril;Cineteca;Vida en Pausa;17;Cine y Audiovisual
2025;Mayo;Cineteca;2073;12;Cine y Audiovisual
2025;Mayo;Cineteca;¡ya México No Existirá Más!;20;Cine y Audiovisual
2025;Mayo;Cineteca;¿quién Teme a Emma Cohen? Arqueología De Una Cineasta;9;Cine y Audiovisual
2025;Mayo;Cineteca;7 Promenades Avec Mark Brown;13;Cine y Audiovisual
2025;Mayo;Cineteca;A Fidai Film;18;Cine y Audiovisual
2025;Mayo;Cineteca;A.K. (Akira Kurosawa);19;Cine y Audiovisual
2025;Mayo;Cineteca;Abel Jaramillo. La Imagen Ardiente;4;Cine y Audiovisual
2025;Mayo;Cineteca;Another Other + Sixty-Seven Milliseconds + the Diary of a Sky;10;Cine y Audiovisual
2025;Mayo;Cineteca;Arquitectura en Movimiento. El Archivo Filmado De Ricardo Bofill;6;Cine y Audiovisual
2025;Mayo;Cineteca;Billete De Ida (Sesión De Cortometrajes);27;Cine y Audiovisual
2025;Mayo;Cineteca;Canone Effimero;9;Cine y Audiovisual
2025;Mayo;Cineteca;Capitolio vs. Capitolio;12;Cine y Audiovisual
2025;Mayo;Cineteca;Capítulo XXI: Itinerarios Del Sonido I (Escuchas en El Espacio Público);3;Cine y Audiovisual
2025;Mayo;Cineteca;Carta Desde Siberia;19;Cine y Audiovisual
2025;Mayo;Cineteca;Cenizas y Diamantes, La Película De Don Cornelio y La Zona;1;Cine y Audiovisual
2025;Mayo;Cineteca;Cortometrajes De Chris Marker (II): Arqueología Del Futuro;19;Cine y Audiovisual
2025;Mayo;Cineteca;Dunia, Kiss Me not on the Eyes;9;Cine y Audiovisual
2025;Mayo;Cineteca;Ernest Cole: Lost and Found;10;Cine y Audiovisual
2025;Mayo;Cineteca;Errotatiba + Recuerdos Para El Que Por Mí Pregunte + Las Territorias;10;Cine y Audiovisual
2025;Mayo;Cineteca;Gestos Fílmicos, Un Film Colectivo De LAV;5;Cine y Audiovisual
2025;Mayo;Cineteca;Gloria Fuertes;6;Cine y Audiovisual
2025;Mayo;Cineteca;Hombres Íntegros;8;Cine y Audiovisual
2025;Mayo;Cineteca;Il Était Une Fois Beyrouth, Histoire D'une Star;7;Cine y Audiovisual
2025;Mayo;Cineteca;Iran, l'Utopie en Marche;10;Cine y Audiovisual
2025;Mayo;Cineteca;John Lilly and the Earth Coincidence Control Office;12;Cine y Audiovisual
2025;Mayo;Cineteca;Kukuaren Kanta + Cambium;2;Cine y Audiovisual
2025;Mayo;Cineteca;La Niña De La Cabra;11;Cine y Audiovisual
2025;Mayo;Cineteca;La Soledad Del Cantante De Fondo;12;Cine y Audiovisual
2025;Mayo;Cineteca;Le Sahara N'est Pas à Vendre;7;Cine y Audiovisual
2025;Mayo;Cineteca;Lettre De Beyrouth (Trilogía De La Guerra II);8;Cine y Audiovisual
2025;Mayo;Cineteca;Level Five;22;Cine y Audiovisual
2025;Mayo;Cineteca;Locas Del Ático + La Casa y El Ternero;12;Cine y Audiovisual
2025;Mayo;Cineteca;Michel Nedjar & Jakobois: La Cámara, Ese Órgano Vital Del Deseo;26;Cine y Audiovisual
2025;Mayo;Cineteca;Monólogo Colectivo;10;Cine y Audiovisual
2025;Mayo;Cineteca;Negro Limbo;4;Cine y Audiovisual
2025;Mayo;Cineteca;No Verás Sus Cuerpos Enterrados en La Arena;13;Cine y Audiovisual
2025;Mayo;Cineteca;Retratos De Fuego y Exilio (Sesión De Cortometrajes);15;Cine y Audiovisual
2025;Mayo;Cineteca;Sans Soleil;53;Cine y Audiovisual
2025;Mayo;Cineteca;The End;21;Cine y Audiovisual
2025;Mayo;Cineteca;The Host;12;Cine y Audiovisual
2025;Mayo;Cineteca;The Iron Ministry;17;Cine y Audiovisual
2025;Mayo;Cineteca;Todo Documento De Civilización;6;Cine y Audiovisual
2025;Mayo;Cineteca;Trilogía De La Guerra (I);15;Cine y Audiovisual
2025;Mayo;Cineteca;Un Dragón De Cien Cabezas + Deuses De Pedra;18;Cine y Audiovisual
2025;Mayo;Cineteca;Vestida De Azul;30;Cine y Audiovisual
2025;Junio;Cineteca;¡olvídate De Mí!;50;Cine y Audiovisual
2025;Junio;Cineteca;¿qué Puedo Hacer Yo Para Mejorar Esto?;19;Cine y Audiovisual
2025;Junio;Cineteca;Calles De Fuego;11;Cine y Audiovisual
2025;Junio;Cineteca;Canciones De Verano;7;Cine y Audiovisual
2025;Junio;Cineteca;Capítulo XXII: Itinerarios Del Sonido II (Más Escuchas a La Espera Del Autobús);3;Cine y Audiovisual
2025;Junio;Cineteca;Casa De Tolerancia;27;Cine y Audiovisual
2025;Junio;Cineteca;Cortos Palestinos;20;Cine y Audiovisual
2025;Junio;Cineteca;Costa Brava;17;Cine y Audiovisual
2025;Junio;Cineteca;El Banquete De Boda;13;Cine y Audiovisual
2025;Junio;Cineteca;Epilogues;2;Cine y Audiovisual
2025;Junio;Cineteca;Esta Ciudad Es Mágica (Sesión 1);8;Cine y Audiovisual
2025;Junio;Cineteca;Fito Conesa, Óxido Bemol;1;Cine y Audiovisual
2025;Junio;Cineteca;Habitar La Cultura;21;Cine y Audiovisual
2025;Junio;Cineteca;Hanami;4;Cine y Audiovisual
2025;Junio;Cineteca;Happy Together;49;Cine y Audiovisual
2025;Junio;Cineteca;Heinz Emigholz: Vibraciones:x:atracciones:x:explosiones;8;Cine y Audiovisual
2025;Junio;Cineteca;Horia;3;Cine y Audiovisual
2025;Junio;Cineteca;Jone, Batzuetan;29;Cine y Audiovisual
2025;Junio;Cineteca;La Ley Del Deseo;24;Cine y Audiovisual
2025;Junio;Cineteca;La Ternura De Los Lobos;11;Cine y Audiovisual
2025;Junio;Cineteca;Las Consecuencias De La Nostalgia;25;Cine y Audiovisual
2025;Junio;Cineteca;Meat;4;Cine y Audiovisual
2025;Junio;Cineteca;Memorias y Melodías;10;Cine y Audiovisual
2025;Junio;Cineteca;My Homeland/Mawtini + Winners;8;Cine y Audiovisual
2025;Junio;Cineteca;National Anthem;26;Cine y Audiovisual
2025;Junio;Cineteca;Purple Rain;9;Cine y Audiovisual
2025;Junio;Cineteca;Rider;3;Cine y Audiovisual
2025;Junio;Cineteca;Ritmos Algebraicos;25;Cine y Audiovisual
2025;Junio;Cineteca;Romeo y Julieta De William Shakespeare;33;Cine y Audiovisual
2025;Junio;Cineteca;Seminario Con Bertrand Bonello;25;Cultura General
2025;Junio;Cineteca;Sinestesias;8;Cine y Audiovisual
2025;Junio;Cineteca;Siren + Preemptive Listening;8;Cine y Audiovisual
2025;Junio;Cineteca;Solo Cuando Tú Eres Mágica (Sesión 2);11;Cine y Audiovisual
2025;Junio;Cineteca;The Swan Song of Fedor Ozerov;7;Cine y Audiovisual
2025;Junio;Cineteca;The Wedding Banquet;6;Cine y Audiovisual
2025;Junio;Cineteca;Tiresia;24;Cine y Audiovisual
2025;Junio;Cineteca;Una Sombra Oscilante;8;Cine y Audiovisual
2025;Junio;Cineteca;Zombi Child;10;Cine y Audiovisual
2025;Enero;Circo Price;CIRCO PRICE en NAVIDAD;49;Circo y Espectáculos Familiares
2025;Febrero;Circo Price;GALA INTERNACIONAL DE ESCENA;420;Teatro y Escénicas
2025;Marzo;Circo Price;GALA INTERNACIONAL DE ESCENA;117;Teatro y Escénicas
2025;Abril;Circo Price;CIRCA;173;Circo y Espectáculos Familiares
2025;Mayo;Circo Price;CIRCA;71;Circo y Espectáculos Familiares
2025;Mayo;Circo Price;GALA INAUGURAL BIENAL FLAMENCO MADRID 2025;12;Teatro y Escénicas
2025;Mayo;Circo Price;Ubuntu Price;46;Circo y Espectáculos Familiares
2025;Junio;Circo Price;CIRCO RALUY LEGACY;340;Circo y Espectáculos Familiares
2025;Enero;Conde Duque;«on the GO»;32;Teatro y Escénicas
2025;Enero;Conde Duque;Ángeles Toledano;3;Música y Conciertos
2025;Enero;Conde Duque;Antía Muíño «carta Aberta»;39;Música y Conciertos
2025;Enero;Conde Duque;El Conde De Torrefiel «la Luz De Un Lago»;78;Teatro y Escénicas
2025;Enero;Conde Duque;Ferran Palau;27;Música y Conciertos
2025;Enero;Conde Duque;Festival Supernova - La Chachi «lâs ALEGRÍAS»;52;Teatro y Escénicas
2025;Enero;Conde Duque;Pablo Remón «barbados en 2022»;54;Teatro y Escénicas
2025;Febrero;Conde Duque;Alberto Cortés «analphabet»;9;Teatro y Escénicas
2025;Febrero;Conde Duque;Boris Charmatz «somnole»;52;Teatro y Escénicas
2025;Febrero;Conde Duque;Elena Córdoba «el Idiota»;97;Teatro y Escénicas
2025;Febrero;Conde Duque;Espírituescalera «mitología De Barrio»;16;Teatro y Escénicas
2025;Febrero;Conde Duque;Lia Rodrigues «encantado»;89;Teatro y Escénicas
2025;Febrero;Conde Duque;Nico Roig;15;Música y Conciertos
2025;Febrero;Conde Duque;Sara Socas;27;Música y Conciertos
2025;Febrero;Conde Duque;Versonautas «preludio a LA LENTITUD»;47;Literatura y Poesía
2025;Marzo;Conde Duque;«las Centennials Hacen Cine»;9;Cine y Audiovisual
2025;Marzo;Conde Duque;«pulsión DE DULZURA / PRÁCTICAS PARA INMANECER»;4;Teatro y Escénicas
2025;Marzo;Conde Duque;FUJI|||||||||||TA + Malibu;3;Cultura General
2025;Marzo;Conde Duque;Lee Gamble  & Candela Capitán;38;Música y Conciertos
2025;Marzo;Conde Duque;Sunda Arc;11;Música y Conciertos
2025;Marzo;Conde Duque;Vicente Navarro;23;Música y Conciertos
2025;Abril;Conde Duque;«friends of Forsythe»;43;Teatro y Escénicas
2025;Abril;Conde Duque;«i Saw the TV Glow»;35;Cine y Audiovisual
2025;Abril;Conde Duque;Ben Yart;51;Música y Conciertos
2025;Abril;Conde Duque;GN|MC Guy Nader | Maria Campos «natural ORDER of THINGS»;92;Literatura y Poesía
2025;Mayo;Conde Duque;«maurice Pialat: Crónicas Turcas»;3;Cine y Audiovisual
2025;Mayo;Conde Duque;Back to Back Theatre «the SHADOW WHOSE PREY the HUNTER BECOMES»;31;Teatro y Escénicas
2025;Mayo;Conde Duque;Ça Marche «trabajos FORZADOS»;35;Teatro y Escénicas
2025;Mayo;Conde Duque;Idio Chichava «vagabundus»;84;Teatro y Escénicas
2025;Mayo;Conde Duque;Ruido Clavel;9;Música y Conciertos
2025;Junio;Conde Duque;«eephus», De Carson Lund;2;Cine y Audiovisual
2025;Junio;Conde Duque;Bendik Giske;26;Música y Conciertos
2025;Junio;Conde Duque;Brigitte Vasallo «queixa [roma o Muerte]»;29;Cultura General
2025;Junio;Conde Duque;Jesús Rubio Gamo | «...todas Esas Cosas Dentro De Las Cosas Que Llamamos Cosas Escondidas En...»;74;Cultura General
2025;Junio;Conde Duque;Rosario Toledo «cuarteta»;19;Teatro y Escénicas
2025;Enero;Nave 10;La Otra Bestia;242;Teatro y Escénicas
2025;Febrero;Nave 10;A La Fresca;474;Teatro y Escénicas
2025;Febrero;Nave 10;Nerium Park;39;Teatro y Escénicas
2025;Marzo;Nave 10;Las Amargas Lágrimas De Petra von Kant;32;Teatro y Escénicas
2025;Marzo;Nave 10;Nerium Park;741;Teatro y Escénicas
2025;Abril;Nave 10;Las Amargas Lágrimas De Petra von Kant;418;Teatro y Escénicas
2025;Abril;Nave 10;Vendrán Los Alienígenas y Tendrán Tus Ojos;116;Teatro y Escénicas
2025;Mayo;Nave 10;Mihura, El Último Comediógrafo;175;Teatro y Escénicas
2025;Mayo;Nave 10;Vendrán Los Alienígenas y Tendrán Tus Ojos;187;Teatro y Escénicas
2025;Junio;Nave 10;De Nao Albet y Marcel Borràs;123;Teatro y Escénicas
2025;Junio;Nave 10;Mihura, El Último Comediógrafo;280;Teatro y Escénicas
2025;Enero;Teatro Español;Coloquios Buero Vallejo // Bernardo Sánchez Salas + Enriqueta Carballeira;8;Cultura General
2025;Enero;Teatro Español;Coloquios Buero Vallejo // Carlos Buero + Helena Pimenta;10;Cultura General
2025;Enero;Teatro Español;Coloquios Fosse // José María Esbec + José Gabriel López Antuñano;2;Cultura General
2025;Enero;Teatro Español;Coloquios Fosse// Cristina Gómez Baggethun + José Manuel Mora;4;Cultura General
2025;Enero;Teatro Español;El Niño Erizo;7;Teatro y Escénicas
2025;Enero;Teatro Español;Historia De Una Escalera;231;Teatro y Escénicas
2025;Enero;Teatro Español;Soñando El Carnaval De Los Animales;19;Teatro y Escénicas
2025;Enero;Teatro Español;Viento Fuerte;266;Teatro y Escénicas
2025;Febrero;Teatro Español;Coloquios Carnés // Juan Ramón Puyol + Laila Ripoll;5;Cultura General
2025;Febrero;Teatro Español;Coloquios Carnés // Tània Balló + Ángela Martínez + Alejandra Martínez De Miguel;4;Cultura General
2025;Febrero;Teatro Español;Cumpleaños;8;Teatro y Escénicas
2025;Febrero;Teatro Español;Historia De Una Escalera;104;Teatro y Escénicas
2025;Febrero;Teatro Español;Mesa Revuelta;54;Teatro y Escénicas
2025;Febrero;Teatro Español;Natacha;39;Teatro y Escénicas
2025;Marzo;Teatro Español;Cumpleaños;8;Teatro y Escénicas
2025;Marzo;Teatro Español;Historia De Una Escalera;31;Teatro y Escénicas
2025;Marzo;Teatro Español;Natacha;19;Teatro y Escénicas
2025;Abril;Teatro Español;¡esta Noche, Gran Velada!;225;Teatro y Escénicas
2025;Abril;Teatro Español;Coloquios Cabal // Yolanda Pallín + Ernesto Caballero;1;Cultura General
2025;Abril;Teatro Español;Diván Del Tamarit;3;Teatro y Escénicas
2025;Abril;Teatro Español;Romance Sonámbulo;257;Teatro y Escénicas
2025;Mayo;Teatro Español;¡esta Noche, Gran Velada!;173;Teatro y Escénicas
2025;Mayo;Teatro Español;Coloquios Martín-Santos // Luis y Rocío Martín-Santos Laffon + Fernando Doménech;2;Cultura General
2025;Mayo;Teatro Español;Condenada Belleza Del Mundo;31;Teatro y Escénicas
2025;Mayo;Teatro Español;Viaje Hasta El Límite;313;Teatro y Escénicas
2025;Junio;Teatro Español;El Barbero De Picasso;34;Teatro y Escénicas
2025;Junio;Teatro Español;Un Tranvía Llamado Deseo;389;Teatro y Escénicas
2025;Junio;Teatro Español;Viaje Hasta El Límite;75;Teatro y Escénicas
2025;Enero;Teatro Fernán Gómez;LOS GIGANTES DE LA MONTAÑA;154;Teatro y Escénicas
2025;Enero;Teatro Fernán Gómez;MÁS ALLÁ DEL PRINCIPITO;51;Teatro y Escénicas
2025;Enero;Teatro Fernán Gómez;TESTIGO DE CARGO;411;Teatro y Escénicas
2025;Febrero;Teatro Fernán Gómez;LA SEÑORITA DE TREVÉLEZ;180;Teatro y Escénicas
2025;Febrero;Teatro Fernán Gómez;LOS GIGANTES DE LA MONTAÑA;328;Teatro y Escénicas
2025;Marzo;Teatro Fernán Gómez;LA SEÑORITA DE TREVÉLEZ;324;Teatro y Escénicas
2025;Abril;Teatro Fernán Gómez;LA SEÑORITA DE TREVÉLEZ;219;Teatro y Escénicas
2025;Mayo;Teatro Fernán Gómez;CASA DE MUÑECAS;387;Teatro y Escénicas
2025;Mayo;Teatro Fernán Gómez;LA AVENTURA DE LA PALABRA;12;Teatro y Escénicas
2025;Junio;Teatro Fernán Gómez;"CAMINANDO CON ANTONIO MACHADO.  ""DE LOS DÍAS AZULES a EL SOL DE LA INFANCIA""";43;Teatro y Escénicas
2025;Junio;Teatro Fernán Gómez;CASA DE MUÑECAS;307;Teatro y Escénicas
2025;Junio;Teatro Fernán Gómez;Il Fervore;9;Música y Conciertos
2025;Junio;Teatro Fernán Gómez;LA AVENTURA DE LA PALABRA;91;Teatro y Escénicas
2025;Junio;Teatro Fernán Gómez;Opera Omnia;18;Música y Conciertos
2025;Junio;Teatro Fernán Gómez;Pérgamo Ensemble;11;Música y Conciertos
2025;Junio;Teatro Fernán Gómez;Sara Águeda;16;Música y Conciertos
